listing_id,sentiment_compound
49091,0.9615
50646,0.9200588235294118
56334,0.9465210526315788
71609,0.6938875000000002
71896,0.8541238095238096
71903,0.6190525
71907,0.8022166666666667
241503,0.9322458333333338
241508,0.9268079268292677
275343,0.8641222222222222
275344,0.9175555555555557
294281,0.8339685950413223
301247,0.7508913043478259
324945,0.8808692307692307
330089,0.8071666666666667
344803,0.6624372549019608
369141,0.8557261363636358
369145,0.8064448979591835
395191,0.8649481481481482
423875,0.8211714285714286
468782,0.9007113924050633
553229,0.7409444444444446
604966,0.8514444444444443
696136,0.9265307692307692
746929,0.9110700934579442
756267,0.8742878787878791
756300,0.8083535714285713
765579,0.95355
782227,0.872
804470,0.9971
819034,0.849315789473684
819044,0.8806492307692307
881253,0.7141500000000001
915275,0.5352
918880,0.961375
922509,0.7220999999999999
982909,0.8922754807692309
1024986,0.8198584337349394
1142414,0.7847
1178486,0.9296642857142856
1183421,0.903374074074074
1210268,0.8499416666666666
1229614,0.8148424242424243
1233249,0.8403357142857143
1242205,0.9112
1244654,0.7638666666666666
1249555,0.9912
1261443,0.9026000000000001
1277842,0.8709135135135132
1277919,0.6845600000000001
1302185,0.8146547945205478
1315867,0.8933485294117647
1363204,0.47700000000000004
1413962,0.9222694444444444
1434208,0.88946
1466685,0.9498766666666666
1508829,0.7207500000000001
1521198,0.8103956521739132
1615074,0.4014
1622505,0.9152038461538459
1647014,0.82946875
1654840,0.8519
1678744,0.7888349206349208
1678754,0.7844500000000001
1678755,0.7609078947368417
1715479,0.8431083333333333
1719704,0.6585
1726303,0.8838999999999999
1743439,0.6987333333333332
1766900,0.43969
1804722,0.9876
1816463,0.7859428571428572
1833950,0.894596153846154
1857229,0.7238857142857144
1900478,0.6486
1902729,0.9128333333333334
1902793,0.56855
2001199,0.87825
2009008,0.73524
2030544,0.9339
2030663,0.22985
2036711,0.7100184210526317
2085130,0.7925636363636364
2090082,0.7468959595959594
2090132,0.7329690721649481
2095865,0.9432400000000003
2121839,0.9034897959183674
2128831,0.553225
2128875,0.9087142857142857
2129215,0.8959463667820065
2142826,0.7147571428571429
2146015,0.7595831578947366
2156329,0.7901945454545453
2156372,0.8555916666666668
2320536,0.9854
2357514,0.8143489726027392
2362558,0.8109
2375063,0.7103911290322574
2377875,0.8794955555555559
2387096,0.8248
2387588,0.706352272727273
2387715,0.7742190476190477
2387766,0.7942307692307692
2427007,0.8923
2451003,0.663
2484135,0.7056000000000001
2488036,0.8080016528925623
2488042,0.6636238095238095
2547370,0.60695
2547778,0.6637
2696834,0.844139285714286
2731054,0.8805338983050847
2764928,0.9575714285714286
2838555,0.7993897959183675
2840554,0.840839534883721
2858696,0.7382544444444442
2868366,0.6717425339366515
3000736,0.8770562499999999
3000786,0.9855
3034137,0.7858444444444445
3075620,0.9838285714285714
3078453,0.8875333333333333
3085308,0.9035000000000001
3116909,0.7477655555555552
3141018,0.9224
3141692,0.7224444444444444
3142075,0.7354400000000001
3142155,0.92205
3158949,0.6607999999999999
3179080,0.9118000000000002
3207194,0.7568777777777778
3209752,0.9012692307692309
3209768,0.8795805970149253
3212083,0.89715
3253216,0.77155
3265545,0.9719
3304326,0.9588875
3380992,0.818335294117647
3419511,0.6488604938271603
3460343,0.7304810810810806
3468326,0.836322448979592
3479446,0.750572222222222
3479493,0.7201258064516126
3576098,0.8249045454545455
3580558,0.9095666666666669
3639516,0.7251861111111105
3651408,0.7710340579710144
3667894,0.6801
3717196,0.7611769230769231
3717217,0.7513449999999999
3753251,0.7605594713656388
3788645,0.9018333333333333
3802621,0.5667100000000002
3803160,0.8337
3804385,0.8572666666666667
3822245,0.7425897058823528
3877859,0.8956758620689653
3902423,0.86175
3953547,0.9763999999999999
3980202,0.780668
3981252,0.9529
3990431,0.6882900000000001
3990847,0.73472
3991040,0.6825129032258065
3995441,0.7972519999999998
4007891,0.6502318181818182
4008423,0.7413544378698225
4021128,0.9288714285714287
4026199,0.7708333333333334
4027867,0.6268641509433964
4054698,0.6433636363636364
4069756,0.7309125
4087935,0.923153846153846
4091059,0.7893511904761903
4108082,0.8774683636363642
4138944,0.8718270833333331
4139205,0.6870708333333327
4179725,0.80715
4183194,0.9330263157894738
4191686,0.8074
4191852,0.68454
4252548,0.8516881355932204
4271250,0.8978237410071942
4309836,0.8140433333333333
4360679,0.7429794117647057
4360811,0.6648435643564355
4360902,0.6793749999999995
4380000,0.5507142857142857
4383465,0.9561000000000001
4412603,0.7325108108108107
4430984,0.97
4441346,0.922175
4450681,0.7693533333333333
4486217,0.9483666666666668
4499317,0.8602614035087719
4505008,0.6617014705882353
4521061,0.9462307692307692
4526703,0.9624200000000002
4541072,0.8132250000000001
4541183,0.8369240223463686
4545820,0.7154936507936509
4561032,0.06875
4561463,0.9946
4576362,0.7814390624999998
4583694,0.8668461538461538
4584539,0.7070763157894733
4586160,0.7808875
4600559,0.9249499999999999
4608708,0.8669
4613432,0.7631079999999999
4616523,0.7983034883720932
4619928,0.7152
4645834,0.6500977272727273
4656221,0.6074072727272725
4656316,0.7157128205128204
4664392,0.771985897435897
4683314,0.7392619047619048
4702699,0.95175
4712676,0.9953
4721463,0.9709
4730292,0.7041096774193547
4761064,0.95374
4771752,0.9826
4852192,0.9516
4863317,0.9229999999999999
4869221,0.80645
4926170,0.1667
4926634,0.6919064748201438
4934283,0.40828333333333333
4973227,0.8018860000000001
4979889,0.7775650000000001
4990392,0.717836507936508
4990462,0.688428125
4996744,0.9717
5006143,0.8418
5040689,0.9389333333333334
5052014,0.8055142857142857
5079606,0.9441333333333333
5082033,0.9501
5111893,0.8509312499999998
5116961,0.7140000000000001
5117966,0.7268749999999999
5118006,0.6349321428571428
5128182,0.97508
5129422,0.6888761904761905
5177256,0.7831327272727271
5184871,0.8271820512820511
5185612,0.7453976470588235
5186159,0.7549072727272728
5186205,0.7254099999999997
5186243,0.7603114754098356
5214226,0.7840557692307691
5233415,0.8141399999999999
5246432,0.8798736842105259
5253599,0.9079666666666666
5253639,0.5852540540540542
5272363,0.7269153846153846
5302410,0.9691571428571429
5331445,0.5575692307692308
5339318,0.9442999999999999
5348703,0.8274141104294478
5355795,0.8380553763440863
5376182,0.8350823170731705
5376240,0.838132967032967
5377148,0.7983688622754489
5377342,0.8472244444444446
5386637,0.805538888888889
5428995,0.9857
5446857,0.8650000000000001
5447608,0.9112142857142859
5448209,0.8608399999999999
5464246,0.8406100000000001
5481530,0.7659936170212768
5492177,0.844011111111111
5493930,0.7845235294117643
5494971,0.8748694656488548
5504230,0.8109200000000001
5540894,0.8891000000000001
5551665,0.7053769230769231
5573458,0.7343
5584157,0.8373494117647059
5609608,0.7745509433962264
5610714,-0.011959999999999993
5623917,0.6999166666666666
5676325,0.89366
5714743,0.8141875000000001
5774164,0.64925
5786355,0.7978833333333334
5787221,0.8938857142857143
5798211,0.8222130081300814
5827713,0.8780605504587152
5827998,0.847816438356164
5854894,0.7768846153846153
5889741,0.8883878453038669
5897641,0.9237192000000004
5902912,0.8520473684210524
5908083,0.6917385964912282
5919270,0.8258119318181815
5939811,0.8516374999999999
5975052,0.7538545454545456
5992537,0.8728666666666666
6020248,0.7569666666666667
6023517,0.6756758241758241
6026527,0.7510333333333333
6026528,0.90832
6034462,0.8428345454545453
6055601,0.9343285714285713
6068744,0.8791840000000001
6128096,0.8303464285714286
6141976,0.7946478260869567
6142390,0.7735928571428572
6147142,0.8405979797979799
6170451,0.8325666666666667
6178568,0.7436479999999999
6179573,0.6949666666666666
6183734,0.8318109589041097
6190850,0.9673
6221711,0.8725454545454544
6242964,0.661923076923077
6261313,0.8613500000000002
6269622,0.8679
6271100,0.7586833333333332
6287204,0.7678
6299510,0.8001799999999998
6300577,0.7848608695652171
6305559,0.938
6308806,0.6849000000000001
6317686,0.9348
6337983,0.9006583333333332
6342987,0.91145
6349839,0.9280999999999999
6352827,0.6927462365591396
6352835,0.9209
6419148,0.953922222222222
6426115,0.7253372549019611
6453321,0.8591
6481052,0.7587499999999999
6485145,0.6925339622641503
6518372,0.9050311320754716
6522074,0.7281120000000001
6528111,0.9788
6529707,0.8674352941176471
6547248,0.4215
6553302,0.7867000000000001
6591835,0.90335
6603464,0.7356125000000001
6605136,0.8165000000000001
6620261,0.9848333333333333
6628037,0.7466777777777778
6630341,0.8574705882352941
6638508,0.9431214285714287
6663906,0.8688166666666667
6668889,0.9173
6669434,-0.2382
6686851,0.8576923076923075
6693516,0.9683375000000001
6697057,0.8295538461538462
6713936,0.8869666666666666
6716844,0.43745
6718219,0.8899677419354839
6718514,0.8541125000000003
6791925,0.8827999999999999
6803701,0.8484
6823606,0.8866
6824319,0.5547833333333333
6845452,0.9083
6888824,0.7505225352112673
6890874,0.9178000000000001
6891247,0.5927
6891630,0.768625
6941608,0.8355409090909088
6946972,0.729175
6947366,0.7863937500000001
6959415,0.7893818181818181
6962492,0.69815
6983613,0.8343574999999998
6993627,0.8210422535211265
7010578,0.89953125
7054222,0.8318560439560444
7085521,0.7796750000000001
7107229,0.8332285714285714
7123932,0.9278333333333334
7143817,0.8438348623853211
7156419,0.84525
7162659,0.5098799999999999
7164777,0.9690666666666666
7165778,0.7261187499999999
7169214,0.8030842105263157
7181966,0.763725
7182042,0.8607205128205129
7182463,0.847675
7227025,0.8655166666666667
7227077,0.9933
7229906,0.59715
7235859,0.963975
7246427,0.95625
7250803,0.8083681818181817
7255642,0.9167
7256010,0.8432
7256865,0.7131230769230767
7265781,0.929375
7268453,0.8011
7285134,0.7967750000000001
7287975,0.9619
7296138,0.9202812499999999
7311328,0.8749717948717948
7312255,0.7457
7321238,0.7508791666666665
7330207,0.5626222222222224
7336489,0.891375
7350502,0.8383890909090911
7379192,0.6908
7399093,0.6623
7441844,0.91595
7470884,0.9328
7486446,0.8447540229885055
7508511,0.9558
7538532,0.8651153846153847
7570596,0.7228589041095891
7576008,0.9045666666666667
7605283,0.8959571428571427
7622220,0.9064545454545453
7628360,0.7643728155339805
7641522,0.6795500000000001
7653937,0.9723
7660589,0.8200249999999999
7662314,0.8779279999999998
7666349,0.6906
7667016,0.95465
7681974,0.9271666666666667
7684283,0.848963157894737
7733844,0.7803410714285712
7735143,0.95715
7765392,0.9700599999999999
7766300,-0.7999
7769781,0.8667925925925926
7791384,0.9208428571428572
7808030,0.6601540540540543
7811392,0.9528
7814843,0.8397590277777778
7827659,0.8262985294117641
7829853,0.4875545454545456
7830009,0.7038066666666667
7830012,0.4833117647058824
7843168,0.8509681372549018
7846524,0.8220125
7868833,0.8530999999999996
7875935,0.892425
7888339,0.3273333333333333
7891758,0.7644366666666667
7894542,0.9069555555555557
7898449,0.8113687500000002
7902847,0.434775
7905972,0.8688
7912670,0.8304545454545456
7927886,0.8384520000000001
7946472,0.8439
7957893,0.7332500000000001
7959059,0.821564596273292
7991469,0.7619323529411763
7994039,0.9493
8004063,0.7910714285714285
8007663,0.7692666666666667
8017511,0.6984758620689655
8036127,0.6868967741935482
8038199,0.7979008000000001
8055914,0.8670225806451615
8061522,0.8885823529411764
8097455,0.9359999999999999
8111502,0.812025
8113569,0.8994
8113712,0.9711
8113821,0.6703
8113893,0.67606
8113936,0.9719249999999999
8114003,0.8993625
8133427,0.9853
8133710,0.8257969696969696
8143933,0.58505
8156821,0.8223866666666668
8157630,0.6391875
8158680,0.7414000000000001
8158710,0.9020666666666667
8160733,0.4021666666666666
8173978,0.8216555555555556
8174016,0.9528
8174481,0.9166666666666666
8174505,0.7954571428571429
8176323,0.9161
8176609,0.8957
8180346,0.8077399999999998
8195397,0.6350240740740737
8195910,0.7119366666666668
8196180,0.643052380952381
8196359,0.6066
8200542,0.7943510067114093
8212422,0.6351181818181819
8247580,0.8439
8250221,0.6061
8256942,0.68535
8257109,0.92042
8264717,0.8952491666666671
8277151,0.7639999999999999
8313460,0.6227105263157894
8313545,0.5659461538461538
8313660,0.6440433333333331
8313733,0.6469705882352941
8330622,0.4651
8343880,0.6259
8344754,0.6355750000000001
8345651,0.2751375
8345921,0.36700000000000005
8348566,0.8670136363636363
8355592,0.5913416666666668
8355844,0.8004355555555558
8364169,0.8929769230769229
8364495,0.743751234567901
8372023,0.7906875
8372113,0.7952941176470587
8380826,0.7812
8391846,0.8107500000000001
8398148,0.6940000000000001
8399111,0.880294230769231
8410224,0.8744
8414030,0.78774
8432015,0.8436461538461538
8432287,0.9073222222222223
8445747,0.8658
8460997,0.9615
8492097,0.8240700000000001
8508225,0.7671031250000001
8508289,0.7919238095238096
8512566,0.7319714285714287
8513587,0.6803242424242423
8583021,0.94215
8598680,0.9440999999999999
8616705,0.9122
8625349,0.8080285714285714
8626676,0.8556933333333334
8654132,0.8040653846153846
8654673,0.8196882352941176
8658119,0.7434181818181819
8664337,0.7940405405405405
8681954,-0.3412
8705956,0.8371875
8706704,0.47442222222222225
8721639,0.8202
8726476,0.6297470588235294
8775217,0.6794473684210527
8779986,0.7261165517241379
8815351,0.79603125
8829303,0.59165
8851732,0.7813
8852917,0.8257
8853121,0.923
8888094,0.9635
8890247,0.8266081081081079
8897560,0.734278125
8899095,0.83175
8914905,0.8395
8949945,0.9394666666666667
9000149,0.88706
9016784,0.4990875
9030732,0.9514545454545454
9032240,0.5994
9033647,0.7787545454545454
9033891,0.8481
9054629,0.8047947368421052
9054941,0.7906
9055103,0.7001578947368422
9097877,0.8838495652173913
9104449,0.673964
9116730,0.7791531249999999
9142805,0.7542942857142857
9143024,0.6426099999999999
9157484,0.7648999999999999
9158687,0.9426
9202827,0.7856
9216943,0.652159090909091
9219733,0.9460999999999999
9268058,0.656411111111111
9268500,0.68325
9268680,0.8167538461538462
9269260,0.9046749999999999
9269637,0.95
9269848,0.62515
9269981,0.8267428571428571
9281075,0.9018192307692308
9283072,-0.4567
9320962,0.8377280898876402
9321841,0.6184904761904763
9336337,0.9945
9337650,0.8074300000000001
9338441,0.6003
9353629,0.9735
9358969,0.3217533333333333
9359194,0.33266666666666667
9377436,0.9576800000000001
9381814,0.954
9391037,0.5083263157894735
9402064,0.8775040000000002
9459389,0.5735714285714284
9464059,0.6609086956521738
9464676,0.8792111111111112
9476931,0.8324789473684211
9506967,0.6269613861386136
9513005,0.7017000000000001
9519477,0.9427285714285712
9520655,0.9106
9532339,0.83004
9532788,0.8220628742514974
9549665,0.9715499999999999
9549823,0.8969
9549885,0.7139599999999999
9551814,0.9559000000000001
9552806,0.8646193548387097
9555530,0.61108
9563744,0.7965607594936709
9565472,0.8865787878787881
9571325,0.6246
9584573,0.5684199999999999
9619878,0.7668666666666667
9637324,0.8604800000000001
9637478,0.39155
9637729,0.03740000000000001
9654411,0.7425
9659327,0.9616874999999999
9667448,0.9034599999999999
9669437,-0.0132
9683612,0.55572
9696725,0.7521620689655172
9699851,0.986
9716208,0.8549074999999998
9717005,0.7256645161290322
9738754,0.9225
9738917,0.964
9746208,0.8259093023255819
9760045,0.51445
9763409,0.9419
9776604,0.8982846153846152
9778024,0.7526562913907284
9802857,0.8391963157894736
9828451,0.9444833333333333
9857050,0.9501999999999999
9866651,0.8482636363636366
9866904,0.7817999999999999
9866917,0.8893206896551724
9866970,0.8768166666666666
9866985,0.20693333333333333
9869425,0.6872999999999999
9897216,0.8375
9898989,0.9715
9901369,0.7822557377049179
9910891,0.7951766666666668
9927724,0.6835831395348836
9928008,0.8926780219780219
9932692,0.47668
9959188,0.702475
9962463,0.9913
9967697,0.6320842105263158
9979272,0.9435
9980935,0.7226160714285713
9985237,0.867012
9985690,0.8797
9986864,0.8334999999999999
10001615,0.8048638888888889
10013630,0.868300934579439
10020525,0.8041615384615385
10020690,0.748809090909091
10021140,0.6515500000000001
10021610,0.4314086956521739
10023519,0.7023259259259258
10024927,0.6307750000000001
10027442,0.6260565217391304
10040456,0.5764833333333333
10040969,0.6706200000000001
10041012,0.6850499999999999
10044375,0.6713642857142856
10075591,0.9699
10084321,0.6501044444444443
10106290,0.8424499999999997
10107535,0.848034
10126030,0.6319800000000001
10214097,0.724905882352941
10214705,0.8596250000000001
10225514,0.661239024390244
10244337,0.5773285714285714
10273463,0.76977
10299900,0.8994458333333334
10304845,0.7267625000000001
10322041,0.8935500000000001
10343519,0.9318
10367479,0.8765962025316455
10381460,0.6944026845637582
10427701,0.6369
10459862,0.8351518518518518
10466406,0.932475
10478373,0.7988666666666666
10479544,0.7725865384615385
10484336,0.9485
10510548,0.8818266666666665
10553010,0.6745
10554463,0.94265
10575957,0.9447000000000001
10598600,0.7789717791411045
10626378,0.5520333333333333
10626652,0.7272096774193549
10638481,0.9473600000000001
10638837,0.9717
10686865,0.8520000000000001
10687969,0.9525214285714286
10712397,0.9380333333333333
10715256,0.9008
10717141,0.824788888888889
10718463,0.8566344827586208
10748142,0.901636
10798427,0.9991
10814989,0.6899625570776255
10818230,0.611
10819460,0.8662009523809525
10822025,0.7404333333333334
10827113,0.8159246753246753
10848771,0.8319341637010679
10916250,0.7349714285714286
10981264,0.9429
11025923,0.29291666666666666
11025991,0.33159999999999995
11127543,0.5983
11150272,0.79305
11170452,0.7265396226415098
11178283,0.7995705882352941
11228389,0.7949520547945201
11244820,0.7349333333333332
11245028,0.7433934782608695
11245263,0.8012283333333335
11245360,0.7725137931034485
11247508,0.9558384615384615
11249182,0.7451514285714284
11262375,0.9134
11263684,0.7626629629629629
11267014,0.7408382352941176
11282735,0.9874
11283772,0.52538
11302386,0.8297533333333331
11380394,0.563921052631579
11380721,0.7420972972972972
11380963,0.823896875
11381088,0.8191278846153843
11386953,0.9683
11398278,0.8906
11404431,0.8286888888888888
11441534,0.7519125
11443262,0.8287000000000001
11450306,0.9222
11463897,0.7801272727272728
11470713,0.9023
11472477,0.7096000000000001
11501881,0.897825
11514647,0.9923
11518055,0.7010842105263158
11521661,0.7786909090909089
11541093,0.6028069306930691
11544732,0.9592499999999999
11555138,0.7318399999999999
11555323,0.02627499999999998
11555381,0.76105
11555543,0.6166400000000001
11555620,0.7096
11555697,0.5497000000000001
11581560,0.9726375
11612771,0.7655824742268038
11642282,0.8378025974025974
11660178,0.7134666666666666
11664911,0.7424
11671761,0.6512567164179103
11679463,0.6422
11687045,0.687413953488372
11711038,0.546864
11713539,0.593278048780488
11714703,0.5340285714285714
11723475,0.8070222222222223
11723491,0.9412714285714285
11747097,0.7671636363636363
11747584,0.8405194444444447
11750250,0.6389006097560971
11760026,0.9896
11778273,0.7187923076923077
11801190,0.719773076923077
11817134,0.768434693877551
11839854,0.8168086956521737
11863888,0.749974193548387
11865360,0.7645253012048191
11894606,0.5841555555555557
11930273,0.8969499999999999
11965790,0.8079611111111112
11971734,0.7002955223880597
11972403,0.7081416216216216
11980197,0.8299253968253968
11994037,0.8659162790697674
11995133,0.56035
11996813,0.9021250000000001
12019245,0.73375
12033925,0.8305699999999998
12035349,0.7795681818181819
12045687,0.8922
12061224,0.7851825396825394
12072978,0.92275
12093250,0.86355
12097789,0.6114
12118751,0.9130882352941176
12142684,0.991
12162272,0.8674641618497113
12200704,0.9371
12211385,0.6732952380952381
12213801,0.8909999999999999
12219588,0.8398547169811321
12221088,0.5693
12240256,0.8573187500000001
12253253,0.7763318181818182
12299369,0.8866333333333333
12302060,0.6666000000000001
12317780,0.8847
12328723,0.9038999999999999
12331551,0.7180428571428571
12345284,0.6291305555555557
12347038,0.7452282608695654
12365867,0.7672
12366660,0.8146
12366958,0.7542920000000001
12367042,0.7366333333333333
12367245,0.6333288135593219
12367388,0.6901142857142853
12367610,0.672625
12369768,0.8735
12438623,0.9872
12455215,0.7387777777777778
12475063,0.7959084745762711
12484261,0.8579963157894738
12498108,0.1993666666666667
12525276,0.66166
12525278,0.6996
12534865,0.7567416666666666
12536372,0.8586386666666664
12578193,0.971
12581975,0.9819
12596642,0.6807153846153847
12598972,0.95845
12604150,0.9591000000000001
12687038,0.7719484375000001
12696326,0.9725
12702541,0.8531666666666666
12703293,0.8594865306122449
12710735,0.8829692307692307
12738797,0.9099
12738896,0.51176
12762246,0.7902250000000001
12787541,0.9531666666666667
12801097,0.027749999999999997
12805743,0.8784872222222222
12816043,0.83165
12839857,0.8202308080808076
12841880,0.58335
12859055,0.7517499999999999
12893088,0.802
12904788,0.68945
12924764,0.8197845238095237
12924827,0.8670000000000002
12940550,0.47283749999999997
12941049,0.96
12941785,0.9547
12947194,0.7963342857142856
12963813,0.90105
12973338,0.6961666666666666
12975736,0.7772999999999999
12992216,0.8227705882352941
12998449,0.8503784810126584
13038831,0.897971052631579
13049120,0.6466999999999999
13066336,0.8461333333333332
13088479,0.79062
13107567,0.8550695652173911
13129971,0.8035037037037034
13147568,0.9698
13165990,0.8459333333333334
13183241,0.9144
13184548,0.9699
13213519,0.659
13225522,0.9622999999999999
13226950,0.24553333333333335
13241591,0.6950666666666666
13243736,0.8659911111111108
13253512,0.8474333333333334
13254555,0.82094
13255894,0.9600500000000001
13265702,0.38782500000000003
13266699,0.9148304347826085
13274269,0.7220153846153848
13274598,0.7525538461538461
13282424,0.8553695652173916
13283938,0.8576490909090908
13284904,0.9322
13285000,0.9682999999999999
13286282,0.7093647058823531
13325975,0.8875117647058824
13338509,0.6550444444444445
13349525,0.80145
13354987,0.8622799999999999
13361848,0.9222
13364584,0.87
13377049,0.8430545454545453
13381343,0.8306
13387049,0.9460428571428571
13398813,0.9212000000000001
13399444,0.8899300000000001
13418425,0.8058999999999995
13440232,0.4404
13454638,0.9033857142857142
13466226,0.620525
13468399,0.7728666666666667
13472462,0.601
13477082,0.98265
13488112,0.96875
13523211,0.9623999999999999
13556435,0.7090000000000002
13559548,0.748875
13566223,0.80025
13586347,0.8779
13614579,0.9305
13625358,0.7523666666666666
13633684,0.37271
13642646,0.7844235294117649
13643303,0.8067
13664592,0.5081
13668845,0.8327066666666667
13669212,0.76735
13692568,0.94568
13695010,0.8157799999999998
13703898,0.8495499999999999
13717530,0.7232062500000002
13735926,0.9669
13771375,0.7406571428571428
13803431,0.8917272727272731
13809823,0.8708666666666666
13811978,0.7699315789473685
13819163,0.6823
13839454,0.7477166666666668
13872285,0.9905
13891078,0.5684654320987654
13915924,0.7800888888888889
13924029,0.5301
13926988,0.6450705882352942
13929091,0.4506
13931737,0.6173307692307693
13934542,0.9587
13952292,0.9280333333333334
13965663,0.5959333333333334
13966783,0.37895
13982434,0.7012
13986033,0.2732
13986824,0.90265
13998008,0.786851851851852
14002684,0.8311666666666667
14009803,0.73245
14020127,0.7535437499999998
14029416,0.9490000000000001
14078493,0.7455566037735848
14081402,0.935325
14082015,0.9034714285714287
14094341,0.6901
14099732,0.86575
14111918,0.9249
14131949,0.826557142857143
14170922,0.6840771428571425
14172084,0.6065111111111112
14176577,0.9134625
14191894,0.7067333333333333
14196558,0.49365
14196766,0.8190999999999999
14211027,0.8643868421052631
14211423,0.050000000000000044
14222817,0.9611333333333335
14223124,0.8969187500000001
14240615,0.772725
14245740,0.797312396694215
14248210,0.7193219512195123
14289091,0.811275
14293554,0.5873333333333334
14305256,0.813911111111111
14325761,0.8724315789473684
14332483,0.682145
14334230,0.6644830882352939
14341511,0.8566857142857142
14377235,0.8599818181818181
14378115,0.8680833333333333
14380449,0.9077666666666667
14381353,0.7559960784313724
14397294,0.8277729729729729
14404610,0.8139166666666667
14407337,0.9465
14417793,0.7516272727272727
14432097,0.7797833333333335
14435012,0.8614666666666667
14462406,0.7204240506329113
14489603,0.6639644444444445
14496852,0.8205481481481484
14497186,0.6307750000000001
14509613,0.8094025641025642
14515500,0.7993969696969696
14518361,0.8650982456140353
14524075,0.7734136363636364
14530157,0.8732444444444445
14548711,0.640958064516129
14557631,0.7411
14577360,0.9272
14581356,0.76549
14582945,0.5106
14583967,0.8224666666666667
14599317,0.7602142857142857
14620083,0.5114
14637459,0.9234666666666667
14653908,0.8517333333333333
14680376,0.5499111111111111
14682068,0.8361052631578948
14701395,0.6723
14717542,0.6863
14719882,0.47524999999999995
14731717,0.6938827586206897
14734016,0.8918166666666667
14774581,0.6206666666666666
14775222,0.6249
14790116,0.8994749999999998
14809750,0.9124909090909091
14840872,0.78311875
14843589,0.8078000000000001
14846870,0.9918
14891826,0.9225886792452828
14901562,0.9167
14902239,0.9359
14953906,0.9231
14984234,0.8594882352941177
14987419,0.97095
15034944,0.8622
15045224,0.8624
15077998,0.7044222222222223
15086977,0.9747
15091338,0.569225
15100514,0.6601
15109137,0.5399
15126351,0.5305
15133689,0.4914
15135575,0.9394666666666667
15152061,0.8316
15154001,0.78188
15156744,0.67305
15197371,0.7464700000000001
15234993,-0.9064
15274648,0.8357181818181818
15314758,0.6819299999999999
15316856,0.8941692307692309
15346634,0.7539964705882354
15347449,0.185925
15348725,0.9298
15362541,0.5429078947368421
15364548,0.5507274999999999
15364942,0.9655
15367409,0.8623666666666666
15390749,0.198825
15393345,0.6355178217821782
15394158,0.5084076923076923
15394784,0.5871631578947367
15406706,0.6696
15413048,0.8333166666666668
15428071,0.784575
15428715,0.7827999999999998
15435418,0.5331142857142857
15438962,0.6839520000000001
15439131,0.66845
15441196,0.8411
15454153,0.7481875
15455547,0.8112595744680847
15455706,0.72565
15484588,0.7288222222222223
15487894,0.8746
15489649,0.6954809523809524
15492056,0.911375
15508557,0.41588
15529082,0.7075699999999999
15532514,0.49050000000000016
15532644,0.5737295081967212
15533066,0.5913547945205482
15533093,0.703320512820513
15536743,0.586231944444444
15538540,0.9274
15547717,0.6213468085106383
15547918,0.6426035714285715
15580911,0.6928254237288132
15581172,0.6243763157894738
15581173,0.6046812500000001
15581193,0.5189024390243901
15589669,0.34909999999999997
15619288,0.50716
15639658,0.7988714285714286
15650807,0.9786
15668269,0.6225628318584069
15671630,0.7725
15672118,0.5713
15712633,0.700476923076923
15722457,0.797429411764706
15722934,0.8074965517241376
15724789,0.8210999999999999
15725449,0.7496499999999999
15725690,0.9736
15727280,0.74485
15750877,0.6938931818181818
15751182,0.51102
15751335,0.7000125
15768398,0.9216555555555556
15773382,0.1362
15774113,0.6785525547445251
15775439,0.9825
15792137,0.79447619047619
15792808,0.7683207207207208
15809023,0.9209
15813099,0.9398
15813306,0.7372714285714286
15821020,0.8033122807017544
15822581,0.7037500000000001
15845410,0.9599
15850697,0.7783
15866510,0.8581238095238096
15870203,0.90805
15875928,0.9055333333333332
15876117,0.8312999999999999
15893111,0.86915
15896087,0.8592666666666667
15902723,0.7511363636363636
15906140,0.9004846153846154
15906477,0.9272199999999999
15919067,0.8432
15921068,0.9647
15943782,0.69234
15946383,0.6245701492537314
15949448,0.9250562499999999
15965563,0.6486
15977143,0.7469
15978100,0.474875
15991345,0.85745
16006904,0.8648416666666665
16007139,0.653909090909091
16008908,0.70426
16010059,0.9497
16027385,0.44947499999999996
16044788,0.7526153846153846
16057988,0.8194066666666667
16073324,0.7476
16075986,0.5399105263157896
16110969,0.6479857142857144
16112614,0.641875
16118606,0.81045
16130356,0.0
16136815,0.9510400000000001
16140165,0.7534454545454544
16148118,0.9307
16149105,0.6588
16150227,0.8718666666666667
16167315,0.6651168749999997
16174252,0.8300210526315789
16177101,0.6172739726027394
16179392,0.9416375
16183428,0.6317
16193260,0.7800499999999999
16195443,0.8477333333333333
16207539,0.7418
16208216,0.46714999999999995
16209070,0.7003
16213115,0.5473142857142858
16220808,0.8439
16220876,0.9470071428571429
16231818,0.8292499999999999
16232588,0.8591
16237964,0.45908000000000004
16241471,0.325775
16260783,0.853
16274109,0.9208
16280294,0.8440984126984128
16281437,0.8481339285714287
16282278,0.8295899999999999
16291031,0.8547071428571431
16295158,0.7949833333333335
16296968,0.9030399999999998
16309636,0.8171109374999999
16317734,0.9059
16332500,0.5830333333333333
16370834,0.88745
16375896,0.6625257142857143
16381367,0.9192583333333332
16382475,0.82112
16383852,0.8896333333333333
16388822,0.7990600000000001
16391421,0.6025677419354838
16398174,0.9118
16398913,0.5857666666666668
16401676,0.6360085714285715
16407251,0.8769333333333335
16407722,0.7543
16407773,0.8925186813186815
16408793,0.65785
16411839,0.805698
16412115,0.8155
16412556,0.823156
16417299,0.8150999999999998
16418916,0.47578333333333334
16425946,0.9333666666666667
16427874,0.6962941176470587
16428014,0.7253277777777778
16429519,0.8123205882352941
16435779,0.7578195121951218
16460492,0.840404255319149
16502098,0.7443424778761059
16519375,0.7856599999999999
16519829,0.6172688888888889
16521063,0.9313333333333333
16522880,0.6006266666666666
16524551,0.8241100000000001
16546964,0.9734
16552273,0.6369
16565237,0.6572296296296298
16565287,0.7340354838709677
16568254,0.768125
16578060,0.650446212121212
16582518,0.7719999999999999
16584402,0.6924711340206183
16590009,0.6511111111111112
16590155,0.23248571428571432
16590376,0.1983
16590513,0.7479000000000001
16590689,0.23135
16592588,0.7196744186046513
16592870,0.4144
16598021,0.5947039215686272
16603353,0.6070000000000001
16605632,0.8885
16606463,0.7854725
16607091,0.69916
16607454,0.7908645161290322
16618127,0.5914715447154468
16618602,0.6059495327102802
16620686,0.7395011235955057
16621264,0.7714636363636362
16636319,0.159325
16640229,0.9727
16665444,0.72752
16677104,0.9674
16678046,0.9171999999999999
16701352,0.8694
16702357,0.47734999999999994
16711969,0.5923761904761904
16715096,0.7233476190476191
16726178,0.7305925619834711
16730755,0.56402
16741381,0.7477904761904761
16742820,0.7622249999999999
16743909,0.6843555555555555
16747836,0.6169566666666667
16750061,0.7801571428571429
16758638,0.9119555555555555
16761916,0.7978
16799416,0.45619999999999994
16803564,0.35718
16811553,0.2263
16812677,0.674465
16813107,0.6581478260869565
16813277,0.37823333333333337
16813372,0.637647619047619
16823251,0.7505151515151514
16830368,0.377725
16830438,0.7507666666666667
16830539,0.762208
16830612,0.3391
16830660,0.6670299999999999
16830915,0.6287857142857144
16831020,0.0
16831108,0.6235
16846533,0.6867666666666666
16848828,0.5948454545454546
16850703,0.7912675
16863370,0.6810307692307691
16865763,0.5433333333333333
16881298,0.915
16891958,0.831796688741722
16932344,0.8228500000000001
16936558,0.7479985714285715
16945653,0.8284153846153847
16947051,0.7829244897959184
16964241,0.6222399999999999
16966634,0.8775052631578947
16981748,0.6554679999999999
16985394,0.7984500000000001
16991336,0.3809
17015281,0.42146666666666666
17016908,0.7451932432432432
17046048,0.70435
17049465,0.7716111111111111
17053896,0.32824
17084283,0.7918900000000001
17093761,0.6414800000000004
17106212,0.6035289473684212
17110437,0.7603
17122972,0.7934824999999999
17123186,0.9571
17123698,0.762443010752688
17142437,0.7034074074074076
17145048,0.2073
17179470,0.840625
17191773,0.85225
17228916,0.7029212765957449
17231060,0.6488444444444444
17275135,0.7992461538461538
17302758,0.1733
17309287,0.9168714285714286
17325277,0.0
17332999,0.7917666666666667
17373997,0.3748
17390721,0.9674
17391691,0.8174693877551023
17392067,0.8576166666666668
17399550,0.8011250000000003
17410029,0.607683333333333
17414394,0.6495230769230769
17416854,0.8045155172413788
17454856,0.7084823529411765
17471289,0.6020304878048779
17483368,0.9192
17483524,0.6081624999999999
17488373,0.8775
17488498,0.8278415254237289
17488629,0.8216694736842105
17488732,0.7826813186813191
17507048,0.6022249999999999
17519803,0.9059999999999999
17532583,0.8688666666666666
17552757,0.5520666666666667
17595156,0.6628947368421053
17601150,0.8363857142857143
17616042,0.799792929292929
17619960,0.6744236363636362
17626246,0.9872333333333333
17626886,0.5323
17627294,0.6234687499999999
17641382,0.8701
17657915,0.7717184615384612
17669253,0.9304666666666667
17672050,0.548240625
17677387,0.4303
17684121,0.8769
17686936,0.9521
17705645,0.8290133333333334
17712132,0.6190871794871796
17736530,0.8455631578947367
17766467,0.7757499999999999
17768467,0.6773750000000002
17769862,0.6643753086419751
17778761,0.279
17798438,0.8097461538461539
17798496,0.719591111111111
17805144,0.5125777777777778
17812922,0.8578173913043479
17813026,0.6833375
17813122,0.7286227272727274
17814354,0.2802333333333333
17831833,0.8859999999999999
17832551,0.9523
17838889,0.8076885714285713
17849002,0.8939
17855048,0.8956500000000001
17859496,0.8402444444444443
17868090,-0.10505
17881638,0.5028333333333334
17881784,0.5610733333333333
17884419,0.64925
17896554,0.37582499999999996
17900978,0.7719199999999999
17917998,0.7294709090909091
17927897,0.8349000000000001
17928170,0.7849127659574469
17928273,0.8173725
17929042,0.6897434782608697
17929045,0.5405249999999999
17929049,0.52
17929053,0.7562
17929054,0.9134
17929055,0.6919111111111111
17949590,0.7464860465116278
17951810,0.5521857142857143
17953028,0.9604
17956150,0.8970447368421052
17999451,0.9129333333333333
18000521,0.67055
18011660,0.7920884615384616
18013085,0.8628066666666666
18051934,0.8699
18052476,0.7889783783783784
18062352,0.7750526315789471
18080682,0.6991454545454546
18081902,0.701775
18086207,0.8768374999999999
18102244,0.94415
18109887,0.6968642857142856
18117026,0.6770916666666668
18144507,0.7979433962264147
18144702,0.6778230769230771
18151459,0.9169333333333333
18153307,0.7494809523809522
18165035,0.7552384615384616
18169687,0.85795
18199481,0.7981333333333335
18202395,0.7477227272727273
18203227,0.7450875
18214792,0.9250333333333334
18235755,0.7785535087719296
18253219,0.8
18254294,0.8811642857142853
18259421,0.7273083333333333
18277072,0.7630555555555554
18286281,0.8928
18305496,0.7609333333333334
18378150,0.46713999999999994
18395154,0.8633162162162163
18421322,0.973
18434466,0.805330508474576
18443242,0.7025370860927149
18443344,0.35015
18450908,0.7874203007518793
18452331,0.7114270270270271
18471415,0.7610275862068969
18484277,0.8462062500000002
18487688,0.8951416666666666
18492050,0.8977
18496173,0.4754
18508828,0.7555305555555555
18509748,0.8536333333333334
18513959,0.7717
18516282,0.4266857142857142
18517165,0.891916
18566096,0.80105
18572753,0.8606400000000001
18582303,0.6104367346938775
18589278,0.9550333333333333
18605664,0.48538749999999997
18609695,0.5599500000000002
18617838,-0.11230000000000001
18619859,0.72
18646201,0.7269
18658800,0.9382999999999999
18664648,0.3723545454545455
18674998,0.5907666666666668
18675202,0.7863785714285714
18679631,0.4404
18684661,0.4974454545454544
18724523,0.9719
18737139,0.8587575757575759
18755310,0.701508636363636
18757509,0.44730000000000003
18759060,0.5748181818181819
18780571,0.7726563636363636
18830269,0.9060625000000001
18850989,0.7049138613861385
18858584,0.6582714285714285
18886111,0.9791
18887526,0.67865
18899288,0.73476
18903533,0.8647600000000001
18903757,0.5719
18905203,0.9371434782608695
18906439,0.6739857142857143
18915769,0.9765
18915772,0.8339375
18915776,0.4404
18939913,0.8135000000000001
18954357,0.8539052631578947
19007966,0.5827
19009257,0.8457287234042551
19027624,0.9099
19039775,0.5687561403508771
19073773,0.9515
19091188,0.76667
19094235,0.7330530973451326
19094250,0.8746499999999999
19107598,0.8269323076923075
19115460,0.7004591836734692
19125341,0.9062
19128310,0.8534
19163641,0.8324168067226889
19184001,0.4701
19184003,0.7574
19184005,0.95665
19184009,0.65745
19184011,0.8845599999999999
19184013,0.702575
19184500,0.754376923076923
19184501,0.6524666666666668
19184502,0.6264736842105263
19184503,0.6130714285714286
19199981,0.5932461538461538
19200431,0.8288
19218794,0.8533900000000002
19220212,0.9090178571428569
19229162,0.7167857142857142
19231081,0.7658181818181821
19236258,0.8505386597938147
19261441,0.3182
19273088,0.5908555555555556
19286135,0.8782927710843372
19299883,0.9856
19323522,0.91
19337115,0.8877000000000002
19340760,0.2160333333333333
19351097,0.7562052631578948
19361265,0.7694111111111109
19364738,0.8226333333333333
19366049,0.9100310344827586
19366100,0.9166391304347826
19367655,0.8173142857142858
19368196,-0.3241
19369423,0.8579625
19375677,0.8091111111111112
19380769,0.9457
19414794,0.6808
19416540,0.7336933333333333
19498193,0.9057
19507614,0.8000619047619048
19509543,0.7266333333333334
19516846,0.7133241379310342
19518380,0.6465
19543668,0.8344
19555519,0.741317857142857
19575817,0.7845
19575854,0.7878333333333334
19576036,0.6265728971962615
19577624,0.8396
19580455,0.6544484848484847
19595322,0.8114615384615386
19595827,0.8235466666666668
19615310,0.8434088235294118
19619644,0.7482687499999999
19625924,0.7204153846153847
19626434,0.8908999999999999
19629044,0.66519375
19629485,0.6345416666666667
19634599,0.5922142857142857
19645713,0.9303185185185187
19646154,0.8253277777777779
19648215,0.59846
19650919,0.8336857142857141
19652882,0.59795
19662723,0.8966
19663166,0.7529599999999999
19665635,0.7359199999999999
19668740,0.8191416666666668
19681403,0.9419666666666666
19681895,0.8344142857142857
19685674,0.7345999999999999
19714010,0.7952500000000001
19720477,0.81525
19741381,0.6880214285714287
19746238,0.8976666666666667
19758048,0.8876666666666667
19773521,0.9507
19774490,0.8957
19780831,0.8637359999999998
19790710,0.9813
19799435,0.8620545454545454
19800389,0.8739285714285715
19801431,0.6249
19801615,0.8829961538461539
19831199,0.8426913580246915
19832720,0.6908
19832956,-0.9624
19834053,0.6448
19837897,0.56418
19838603,0.75179
19847774,0.4417
19856273,0.9762
19895150,0.31703333333333333
19918177,0.85585
19936126,0.7312119047619049
19953933,0.8982555555555556
19971871,0.9714
19975545,0.829952380952381
20000821,0.8197800000000001
20004373,0.9449
20004744,0.838167441860465
20016671,0.815
20018299,0.8362906250000002
20019928,0.8418285714285715
20027881,0.5565
20039387,0.8815437500000001
20040797,0.7777423076923078
20040955,0.6467
20059256,0.8879210526315789
20060105,0.75502
20060493,0.9168
20065234,0.16296666666666668
20069280,0.8133800000000001
20084815,0.7699833333333332
20094056,0.7626266666666667
20096441,0.7510666666666667
20096620,0.47302222222222223
20097996,0.33126666666666665
20098415,0.84305
20100445,0.85524
20125122,0.903225
20127889,0.8013250000000001
20141569,0.8322011764705883
20155952,0.8042933333333333
20156054,0.43714000000000003
20157156,0.9057045454545453
20177941,0.8177666666666669
20181595,0.5647
20181944,0.7814
20182075,0.9422714285714286
20195421,0.7934437500000001
20196237,0.6210571428571428
20207839,0.8282972477064221
20223050,0.892
20234954,0.8877
20244085,0.6486
20247516,0.8055955555555553
20256486,0.8288499999999999
20257908,0.7259166666666667
20335984,0.8183
20395120,0.8807499999999999
20396642,0.72166
20397202,0.8546722222222223
20397739,0.586
20413265,0.9047636363636364
20418062,0.7090333333333333
20419305,0.7425714285714287
20426981,0.9558500000000001
20426982,0.952375
20441993,0.73535
20442964,0.5780266666666667
20446077,0.8625
20449193,0.7441500000000001
20459428,0.5830666666666667
20468114,0.4404
20469489,0.6573
20478669,0.7615
20481470,0.7152499999999999
20485337,0.9476
20503734,0.9163133333333332
20509542,0.6772523809523812
20509769,0.6704471910112358
20512779,0.9127285714285713
20525209,0.90295
20539655,0.7776263157894737
20545965,0.7906
20546154,0.4849166666666666
20573629,0.9602
20580799,0.54625
20580995,0.9940000000000001
20581173,0.4989
20581281,0.9879
20588444,0.8377025
20593641,0.40697500000000003
20598841,0.7409131578947367
20609405,0.8283377777777777
20620685,0.8541999999999998
20621511,0.8625684210526318
20625726,0.4588
20625773,0.8669
20628822,0.5552
20631082,0.9385
20659099,0.0601
20672785,0.917725
20680018,0.4754
20698050,0.6584990566037733
20703034,0.8942075471698117
20714046,0.9819
20715202,0.57704
20747182,0.49895
20769549,0.67675
20772493,-0.29600000000000004
20774607,0.9826
20776819,0.7769999999999999
20778113,0.9592
20791161,0.9303000000000001
20798153,0.6905466666666665
20803693,0.6557666666666667
20805118,0.8506894736842106
20806898,0.8271
20812149,0.8017365591397849
20823632,0.7146
20824274,0.33555
20836357,0.8481
20836530,0.28595
20836628,0.7414
20836629,0.887
20836943,0.8307219512195121
20838902,0.23682857142857142
20838903,0.8682
20838905,0.8909999999999999
20838906,0.5156000000000001
20838910,-0.9451
20840013,0.6769666666666666
20840015,0.8481
20841135,0.8074
20842916,0.7713
20842922,0.8364
20859006,0.6846111111111112
20865016,0.4837999999999999
20865905,0.767598039215686
20874042,0.7505161290322582
20874431,0.7800030769230767
20877332,0.0
20888336,0.865774358974359
20904654,-0.1007
20935053,0.8951
20936240,0.8481000000000001
20950425,0.7344780821917808
20982852,0.6588
20984770,0.11695
20998924,0.6579228070175441
21004589,0.945
21013726,0.5398666666666667
21014924,0.9035777777777775
21015410,0.128
21015824,0.9542
21015873,0.902675
21015874,0.7064999999999999
21015876,0.7911538461538462
21015880,0.8336222222222223
21015881,0.64058
21015977,0.688625
21037382,0.6560482352941178
21037446,0.7084602409638555
21037930,0.6249
21044510,0.9054578947368421
21055977,0.7494775
21061528,0.8287440000000003
21063861,0.8626938461538463
21069176,0.7290333333333333
21069270,0.67399
21084415,0.7307
21087639,0.9475
21106419,0.8036466666666666
21114838,0.8817400000000001
21127335,0.9374111111111111
21149987,0.9037666666666667
21151983,0.595125
21151992,0.7937666666666666
21154124,0.9359
21156476,0.8591
21172051,0.636235483870968
21172515,0.6699999999999999
21190603,0.0817
21193416,0.2853
21194355,0.490725
21194823,0.0189142857142857
21195180,0.7553749999999999
21200260,0.89361
21206514,0.9739833333333333
21234121,0.9703
21236579,0.8897916666666666
21238118,0.77645
21238579,0.8419500000000001
21244971,0.8564416666666665
21255885,0.86155
21257593,0.4075578947368421
21257843,0.5472829787234043
21257966,0.7641902173913044
21266350,0.67809375
21266790,0.583672
21269564,0.88766
21283595,0.71335
21287064,0.4945514285714286
21290771,0.7332971428571429
21292155,0.7184727272727274
21312604,0.7791999999999998
21314479,0.85064
21314866,0.8634549999999999
21358634,0.7400800000000001
21361120,0.8188558823529413
21361474,0.5260954545454546
21370642,0.8999391304347826
21376468,0.7723780487804879
21402272,0.9071499999999999
21403392,0.7567683333333335
21408571,0.6656903225806449
21415749,0.743136813186813
21416331,0.79096
21416445,0.6116076923076924
21419965,0.8126
21420790,0.8358000000000001
21422096,0.6369
21428446,0.7008935483870967
21430677,0.8514235294117646
21451399,0.7192690476190478
21451655,0.9825
21451706,0.730425
21457284,0.7118066666666666
21462118,0.884575
21462227,0.8828
21467590,0.6368375
21477315,0.7594000000000002
21480910,0.7574
21498775,0.7829083333333334
21502138,0.7755153846153847
21530106,0.69958
21530304,0.634225
21541294,0.6639250000000001
21541391,0.8715399999999999
21541471,0.754225
21541512,0.789625
21546999,0.7946644444444443
21552874,0.9329
21553387,0.0
21596804,0.65835
21605333,0.6504970588235295
21621522,0.9302625
21629960,0.6339542857142856
21631361,0.8215692307692307
21650745,0.5413
21667844,0.8147666666666668
21670282,0.8355157894736841
21671407,0.7383500000000001
21675447,0.85784
21686094,0.946275
21722898,0.9484
21747530,0.5609000000000001
21755679,0.7587599999999999
21756287,0.802
21758205,0.214725
21763890,0.8685428571428572
21764614,0.834
21772057,0.9679
21791154,0.64185
21793363,0.4404
21803237,0.9482
21804196,0.8808
21804950,0.7450655172413793
21805592,0.751454929577465
21806395,0.49663333333333337
21807803,0.71925
21818868,0.7295800000000001
21820005,0.6826228070175437
21820188,0.6590918032786887
21830116,0.8069
21831599,0.867
21843221,0.8808952380952381
21847888,0.7860714285714285
21852866,0.3986
21852940,0.74221
21854674,0.8041464285714286
21854678,0.7868682926829269
21854679,0.8262382352941177
21854680,0.7920919999999999
21854681,0.8282833333333334
21854683,0.7172
21854687,0.8309176470588235
21854695,0.7744000000000001
21854697,0.8001863636363638
21855459,0.7612962962962962
21865119,0.4389
21873499,0.8898
21881998,0.7089
21887155,0.7792999999999999
21888054,0.7590342857142858
21906973,0.5547166666666666
21913235,0.9684
21915252,0.8522285714285713
21916176,0.9617
21916263,0.14800000000000002
21927257,0.4404
21928089,0.8193666666666667
21928140,0.41974999999999996
21928496,0.6817636363636363
21928795,0.6686
21929075,0.8410113636363635
21937326,0.74474
21942515,0.7201865384615386
21951407,0.8039941176470587
21952871,0.933975
21967022,0.7859
21970094,0.6577978723404256
21970302,0.4215
21974182,0.5787800000000001
21984842,-0.0516
22000933,0.7314428571428572
22019165,0.9583
22021293,0.6857115384615384
22027275,0.6372800000000001
22028335,0.9470000000000001
22035836,0.8727
22037196,0.9590000000000001
22051870,0.7105715328467153
22051992,0.4532
22053594,0.94284
22054285,0.7973600000000002
22071808,0.8409731343283582
22090557,0.9359999999999999
22090931,0.7346
22092656,0.83955
22098450,0.6718495327102801
22110157,0.7532853333333333
22114845,0.6728344262295083
22116641,0.58335
22143968,0.668364406779661
22144715,0.7382964285714287
22158920,0.64748
22177543,-0.7761
22183984,0.9201
22185082,0.7816420560747661
22193170,0.8378941176470588
22196788,0.9918
22214451,0.9557
22230934,0.4215
22233862,0.8538595744680848
22267147,0.4404
22281789,0.9601
22282038,0.7872333333333333
22287564,0.62505625
22297449,0.7629666666666667
22300531,0.6290079999999999
22300651,0.6607346153846153
22316106,0.8905
22319714,0.7650139999999997
22345943,0.8473
22348216,0.6128333333333333
22351804,0.8121499999999999
22376153,0.4054
22389665,0.7441636363636364
22395492,0.7332
22426403,0.7044250000000001
22441995,0.6891321428571427
22454647,0.8021152777777774
22457479,0.7282124999999999
22459458,0.33615
22475151,0.67617
22475917,0.7178
22491127,0.35972499999999996
22544362,0.8111555555555556
22555089,0.6707222222222221
22561172,0.89756
22561920,0.4215
22574367,0.7392380952380954
22575924,0.6580837837837837
22576423,0.6596854838709679
22577896,0.5785777777777777
22586423,0.6996200000000001
22588808,0.7369375
22590845,0.36345
22590867,0.1779
22594189,0.7654749999999999
22599437,0.8415333333333332
22601385,0.8674129032258066
22623221,0.858604
22627321,0.07889999999999997
22643907,0.9282299999999999
22648048,0.7566999999999999
22666446,0.7179890909090908
22683205,0.7467937500000001
22708831,0.7965181818181818
22710546,0.8439600000000003
22719122,0.32269999999999993
22726244,0.9485
22733254,0.6533733333333334
22733377,0.840875
22734583,0.7436208333333334
22745179,0.8441689655172412
22763952,0.8641
22798533,0.8901285714285715
22818979,0.3635
22874441,0.7554
22874940,-0.7055
22917107,-0.03320000000000001
22929591,0.80425
22934534,0.5764760869565216
22947456,0.6186
22973504,0.7271714285714286
22979766,0.805142857142857
22987507,0.7550374999999999
22987750,0.63385
22987797,0.7003
22990457,0.8285
23008567,0.859
23008962,0.9186
23015765,0.7205
23027564,0.7237
23051489,0.9268
23052272,0.8198813725490194
23054523,0.8456
23072323,0.7525519999999999
23079719,0.0
23079760,0.966
23079814,0.8377333333333333
23079842,0.65785
23079869,0.4019
23079890,0.0
23079943,0.64645
23079980,0.8272
23080003,0.8228500000000001
23080043,0.9587
23080921,0.881
23091296,0.9520333333333334
23094299,0.82125
23097015,0.60268
23111888,0.9364571428571428
23127305,0.90625
23130011,0.9193928571428568
23132022,0.5403842105263158
23169041,0.7045897435897435
23211763,0.6908
23223194,0.8770000000000001
23256379,0.8714
23264498,0.9117000000000001
23264528,0.6237666666666667
23277237,0.606125641025641
23277415,0.7837783783783783
23279111,0.7097375
23279931,0.48825
23315012,0.7661749999999998
23329869,0.42045
23348717,0.6844433333333334
23348921,0.8316
23362544,0.8418222222222222
23370324,0.9652
23380147,0.708175
23380199,0.21996666666666667
23382264,0.7178249999999999
23399180,0.6673
23403996,0.8790000000000001
23438702,0.7642647058823531
23446208,0.7680157894736839
23457264,0.7843764705882353
23486091,0.932075
23506068,0.82934
23507483,0.7140863636363636
23509344,0.584
23510955,0.7701916666666667
23549024,0.6704743589743589
23567197,0.8974
23567609,0.4278428571428571
23567956,0.9633
23598682,0.6812857142857142
23600799,0.6264142857142856
23603274,0.8721176470588237
23604711,0.0
23615333,0.9505
23653768,0.6107
23658321,-0.9587
23658989,-0.5584
23672746,0.8767166666666667
23673101,0.8654000000000001
23678562,0.6555692307692309
23717333,0.8432913043478262
23723634,0.7519999999999998
23733935,0.98942
23738722,0.9908
23751725,0.7638473684210525
23752565,0.7126953125
23753563,0.9324
23760158,0.7751140624999999
23775041,0.9153
23782119,0.6234766666666666
23815487,0.798721568627451
23863811,0.9606
23870306,0.938
23925850,0.7210125
23927987,0.8444000000000002
23930541,0.4926
23930729,0.49099000000000004
23930805,0.30683333333333335
23931149,0.30516666666666664
23934649,0.6186690909090908
23947783,0.818553846153846
23950179,0.447
23951283,0.76135
23951500,0.032975000000000004
23951548,0.4857636363636363
23951948,0.58815
23952242,0.5227999999999999
23952436,0.7456499999999999
23952623,0.0
23952759,0.6154999999999999
23952884,0.8959
23957921,0.6202555555555556
23999593,0.719025
23999596,0.5112666666666666
24000355,0.599125
24000763,0.5546611111111113
24000873,0.5865227272727274
24000911,0.5158352941176471
24000938,0.6257111111111111
24000970,0.4404
24001023,0.9568
24001526,0.8832000000000001
24003066,0.72855
24030192,0.80026
24045987,0.9226
24056026,0.7845727272727273
24057381,0.8065868421052634
24070730,0.8555076923076921
24105407,0.9217
24105506,0.6925375
24125960,0.70898
24170288,0.2629333333333333
24171768,0.2377
24186942,0.8534958333333335
24197770,0.6819596153846154
24200231,0.7732571428571429
24200482,0.7476052631578947
24200675,0.8022224137931034
24200900,0.8051978723404252
24211014,0.9355125
24211284,0.9842
24212593,0.66646
24235580,0.6281724137931033
24235976,0.5148
24236950,0.6746571428571428
24238015,0.8004611111111113
24254508,0.9908
24261748,0.8246082191780824
24274708,0.7056
24276647,0.7313
24280470,0.9149
24288828,0.8089278846153843
24294968,0.7293166666666666
24303300,0.9140125000000001
24312879,0.8023
24323605,0.6872
24347116,0.6690607142857142
24357656,0.6318400000000001
24358325,0.026499999999999968
24358858,0.6360176470588237
24359063,0.7007
24359228,0.9105749999999999
24360251,0.7379375000000001
24368282,0.7474087719298248
24370607,0.6727285714285715
24403090,0.8632
24417860,0.604
24420175,0.7360200000000001
24477657,0.5290285714285715
24506236,0.5952217391304347
24506481,0.5899538461538462
24506647,0.5637333333333335
24506830,0.541775
24506976,0.5071411764705883
24511491,0.3728142857142857
24511964,0.6415117647058824
24526943,0.644577966101695
24527257,0.6001777777777778
24571017,0.706508823529412
24581115,0.7509238095238095
24582403,0.750175
24586538,0.6260191176470586
24587033,0.9629
24591317,0.8733333333333334
24592588,0.90022
24609199,0.6013999999999999
24636266,0.9286
24636530,0.9845
24636842,0.6160133333333334
24643830,0.88305
24644690,0.8952697674418603
24659042,0.7354672413793102
24660198,0.6638941176470587
24664051,0.7955479166666669
24682818,0.7977475
24696324,0.4404
24704585,0.7494142857142857
24705997,0.8874
24706274,0.6055333333333334
24706479,0.9477
24706634,0.41732499999999995
24707713,0.7123233333333333
24720145,0.6372846153846153
24720902,0.9163333333333333
24725185,0.9728
24738846,0.7130199999999998
24739273,0.7893749999999999
24741587,0.66596
24761439,0.4810866666666666
24763374,0.66205
24763494,0.4926
24763572,0.39475
24763675,0.27916250000000004
24763826,0.615441935483871
24764493,0.7549285714285715
24765067,0.5859
24765141,0.0
24781937,0.74000625
24782626,0.9217166666666667
24785006,0.3612
24785585,0.8064928571428572
24786308,0.8537818181818182
24810174,0.4505
24821628,0.955
24834560,0.7933250000000002
24851345,0.92495
24857166,0.5156000000000001
24863189,0.5059736842105265
24874562,0.7337666666666666
24883137,0.7162344827586204
24883645,0.9518666666666666
24894201,0.9179
24919927,0.6842
24927780,0.7332
24929061,0.9172666666666667
24949420,0.6486
24950322,0.823875
24958774,0.8004608247422681
24962718,0.9081
24972169,0.93
24975249,0.6902785714285714
24979153,0.7645389610389607
24984672,0.7606948051948049
25008022,0.7284071428571428
25020267,0.5733666666666667
25044951,0.766341463414634
25047044,0.6430333333333333
25058544,0.7078695652173913
25058953,0.47242500000000004
25059372,0.34275999999999995
25083771,0.8346666666666667
25087117,0.6574
25102785,0.86994
25105657,0.8635
25130085,0.7373585365853659
25155990,0.7093222222222222
25158461,0.521
25183317,0.4404
25183623,0.8632
25184205,0.9741
25200482,0.8450538461538463
25221807,0.19435
25223320,0.8658
25246986,0.5376384615384615
25273104,0.8094999999999999
25282863,0.7743999999999999
25300648,0.29624999999999996
25306121,0.91612
25306790,0.7954333333333333
25307313,0.9269000000000001
25307669,0.9547
25308084,0.88895
25356260,0.15198
25366424,0.7173528571428573
25376102,0.6928666666666667
25424295,0.549775
25432123,0.72385
25435388,0.9199088888888889
25489396,0.8925375000000001
25493161,0.9586
25505227,0.051649999999999974
25516668,0.6349857142857144
25561906,0.73423125
25596265,0.747325
25711980,0.39399999999999996
25716192,0.7778
25748458,0.8235999999999999
25753432,0.8537
25759073,0.8165333333333332
25760233,0.7697
25787949,0.9901
25793757,0.7872782178217821
25796874,0.6877916666666667
25797887,0.8876
25815030,0.8330769230769233
25816343,0.4420166666666667
25816812,0.6849068965517242
25818992,0.9282
25821961,0.6819749999999999
25843604,0.6577000000000001
25860399,0.8987
25872180,0.7880369230769229
25877353,0.9399000000000001
25878538,0.8400699999999997
25886181,0.6574666666666668
25888807,0.7021000000000001
25892078,0.769938095238095
25920277,0.93865
25920417,0.9839
25920563,0.76894
25920731,0.91225
25926356,0.8519
25959162,0.76555
25963531,0.6812
25972498,0.7385585937499997
25980558,0.7898214285714287
25981021,0.7788125
25985784,0.8416
25985995,0.79305
25986707,0.62465
25998215,0.7937662162162165
26010615,0.7003
26010706,0.88095
26011461,-0.06574999999999998
26040285,0.9788
26056791,0.765562162162162
26093769,0.415425
26094193,0.3182
26109666,0.988
26109753,0.4404
26109755,0.32205
26110112,0.4920285714285714
26110216,0.4721666666666667
26120936,0.7767857142857143
26121640,0.6683333333333333
26143674,0.5486
26144223,0.7054
26176258,0.6579357142857143
26183286,0.4404
26207649,0.45775000000000005
26207768,0.7025399999999999
26217724,0.8231888888888889
26218347,0.7187238095238095
26236461,0.32783333333333337
26290123,0.8591
26290281,0.0
26293068,0.9179999999999999
26308358,0.9151
26309079,0.8282794117647061
26310349,0.7856
26318683,0.9089222222222221
26336203,0.9742999999999999
26344207,0.7508199999999999
26369349,0.8456489795918367
26370803,0.8436555555555557
26405063,0.7954800000000001
26409674,0.7574
26435121,0.71875
26435923,0.8246681818181819
26444799,0.4894
26461753,-0.8686
26504288,0.6833454545454546
26544804,0.7287666666666667
26545378,0.807
26552882,0.8452333333333333
26553209,0.61884375
26555143,0.8511285714285712
26577038,0.6709304347826086
26583889,0.97486
26592863,0.9419
26627387,0.9311
26633522,0.4879076923076923
26683920,0.8279072727272724
26693858,0.9565
26706482,0.6649777777777777
26722597,0.8944000000000001
26722862,0.5165500000000001
26731319,0.6902153846153847
26731389,0.7779869565217389
26731899,0.79355
26753305,0.726
26768425,0.5431166666666667
26790724,0.63786
26791029,0.8788599999999999
26794016,0.82205
26822021,0.0
26849028,0.8381166666666666
26849868,0.871652380952381
26852016,0.7756827586206896
26853356,0.8777
26854105,0.5907363636363636
26880160,0.4404
26880725,0.7096
26893958,0.9698
26894055,-0.4215
26915644,0.14883333333333335
26930345,0.9520500000000001
26933485,0.585188888888889
26935086,0.8227428571428571
26957177,0.8389333333333334
26957485,0.8093904761904762
26959283,0.7343571428571428
26960806,0.1531
26964529,0.7882444444444443
26974882,0.5599000000000001
26979340,0.1265
26980329,0.06490000000000003
26984743,0.8442
27034075,0.5107333333333333
27072907,0.9228333333333333
27078318,0.7156466666666667
27091696,0.9214500000000001
27115191,0.6458916666666666
27117950,0.6881285714285713
27118511,0.7862
27122688,0.7579
27125463,0.7717
27145235,0.7830277777777779
27147776,0.709175
27173843,0.9825
27178946,0.76992
27253602,0.7970947368421054
27270305,0.7044600000000001
27271318,0.65955
27271822,0.30161666666666664
27272375,0.6915424242424243
27292722,0.7776857142857143
27302197,0.6371888888888889
27302911,0.765275
27342137,0.615675
27377001,0.6171777777777777
27381955,0.87285
27382312,-0.025666666666666654
27395526,0.6269
27405538,0.7737076923076924
27406451,0.673178787878788
27409849,0.4404
27424215,0.8716
27428758,0.7451512195121952
27429267,0.9722
27439646,0.9099
27440211,0.8671500000000001
27442497,-0.13445000000000001
27454482,0.6727666666666666
27462710,0.7647011764705881
27470104,0.9898
27470374,0.7879999999999999
27470571,0.6491740740740742
27470725,0.4466
27476632,0.76515
27488841,0.04766666666666667
27489654,0.16641999999999998
27501982,0.70433
27513236,0.9006000000000001
27513348,0.5290529411764706
27513625,0.8548999999999999
27530446,0.7427916666666666
27559244,0.7780249999999999
27561087,0.8553166666666666
27561736,0.783021052631579
27562324,0.8616777777777778
27581596,0.9225
27603657,0.4215
27615107,0.6594625000000001
27616642,0.4754
27618712,0.8130736842105262
27624199,0.8836499999999999
27638361,0.8803833333333334
27640661,0.9483
27675580,0.7464318181818183
27706221,0.0
27709128,0.7136782608695652
27718541,0.9430800000000001
27737495,0.9008
27738463,0.6267833333333334
27741066,0.60605
27741231,0.6052
27754006,0.768607894736842
27764842,0.6249
27778266,0.7329333333333334
27778867,0.5579500000000001
27788114,0.8229666666666665
27790452,0.75544
27790457,0.7778
27790831,0.829
27791327,0.53385
27791754,0.5905750000000001
27791766,0.8807
27793192,0.8618
27794106,0.7000000000000001
27794323,0.4950333333333334
27794536,0.7131521739130434
27794712,0.6525176470588234
27794882,0.6984500000000001
27794894,0.5654750000000001
27794933,0.32369999999999993
27795026,0.40654285714285715
27809331,0.9879
27810679,0.7515785714285715
27823327,0.39855
27830769,0.8474
27838989,0.711337037037037
27841023,0.9372000000000001
27858471,0.9551
27880382,0.8431
27882577,0.6588
27914193,0.8489
27914769,0.81575
27923001,0.02815000000000001
27945121,0.4877
27967589,0.8165333333333332
27979941,0.483275
27992861,0.7709942857142859
27993739,0.082
28015320,0.6466000000000001
28015955,0.5781999999999999
28033518,0.33926666666666666
28046655,0.9897
28056883,-0.3318
28059550,0.6218
28063799,0.7226999999999997
28089131,0.8957
28110981,0.902
28115820,0.4404
28116308,0.3601
28137638,0.7543555555555556
28143501,0.6420777777777779
28165463,0.564711111111111
28190671,0.8808499999999999
28194748,0.13336666666666666
28230186,0.29713333333333336
28261567,0.7384666666666666
28262827,0.8434666666666666
28264364,0.7808222222222223
28271497,0.8271
28271558,0.548367901234568
28271801,0.6723470588235294
28291541,0.784
28320933,0.50744
28321986,0.687878787878788
28346676,0.2217333333333333
28348653,0.14479999999999998
28359844,0.8159108108108106
28396419,0.864325
28400701,0.8204692307692307
28415998,0.8909666666666666
28417785,0.7381
28417802,0.7459243243243242
28417997,0.8269000000000001
28422606,0.7685090909090909
28445930,0.72565
28460475,0.718108823529412
28513594,0.6827125
28532737,0.8365
28547839,0.8332166666666666
28554971,0.680075
28571914,0.765
28651485,0.9322
28651983,0.6325999999999999
28657927,0.9637
28670854,0.773829411764706
28675203,0.624625
28700772,0.7588
28724933,-0.382
28728124,0.9210499999999999
28728987,0.7906
28729429,0.9272
28729521,0.85355
28731913,0.8991
28747912,0.6406040540540536
28748709,0.7919718749999999
28767536,0.49788823529411774
28772425,0.9452
28786700,0.9126
28788262,0.29600000000000004
28789161,0.8154928571428571
28794509,0.6436
28821061,0.761404
28874135,0.6866857142857142
28881876,0.7573000000000001
28919825,0.88405
28944421,0.5423818181818182
28944791,0.7447142857142858
28950843,0.7948945945945947
28958329,0.47730727272727264
28970364,0.6860999999999999
28975564,0.524149090909091
28983113,0.6474903225806451
28983781,0.6113540540540542
28989951,0.5697749999999999
28996484,0.0
28998072,0.9245
28998095,0.8172
28998161,0.7377333333333334
28998191,0.6588
28999077,0.7277958333333334
29004038,0.7922225806451612
29020376,0.8344607142857143
29040534,0.6249
29040752,0.875
29040758,0.9521
29044004,0.4567555555555556
29044242,0.33449999999999996
29044246,0.34
29044797,0.34
29049341,0.95155
29049813,0.91445
29068591,0.855
29076794,0.8339249999999999
29093864,0.84874
29108770,0.4404
29111619,0.745825
29111770,0.8441714285714285
29113636,0.5492733333333334
29141674,0.8574666666666667
29141801,0.5924499999999999
29141808,-0.4767
29141814,0.88185
29142155,0.4404
29142245,0.7269
29142251,0.68815
29161818,0.9153
29165650,0.6385708333333334
29166022,0.7113
29209668,0.81264
29211600,0.6034250000000001
29249890,0.8428264705882352
29252819,0.6224052631578947
29253018,0.6557384615384616
29256550,0.41149545454545466
29259721,0.6465428571428572
29295230,0.868125
29302695,0.8082639999999999
29319213,0.29586666666666667
29319567,0.6249
29319686,0.5994
29320287,0.3282142857142857
29320487,0.1625
29321856,0.8476619047619047
29323656,0.6434300000000001
29324339,0.40995
29325647,0.3612
29343018,0.9531
29355663,0.0
29381908,0.0
29388931,0.3384684210526317
29400644,0.7003
29412602,0.9659
29439672,0.732932142857143
29454180,0.7667095238095237
29470599,0.38230000000000003
29470621,0.9002
29472000,0.29803999999999997
29472133,0.9959
29472215,0.6249
29472242,0.9678
29472416,0.34750000000000003
29482778,0.132675
29494532,0.72585
29495154,0.8175142857142857
29498177,-0.6124
29498271,0.9254
29498333,0.5719
29500703,0.9712
29500883,-0.4939
29500892,0.6626399999999999
29521466,0.8725666666666667
29522642,0.52044
29524962,0.7295
29525240,0.7351
29525299,0.8085
29525417,0.6808
29525951,0.87140625
29526074,0.7841
29529235,0.92792
29530126,0.6375833333333334
29548114,0.9638
29549073,0.701983870967742
29552115,0.8954999999999999
29552643,0.8302181818181817
29557173,0.5023771428571427
29572721,0.8784142857142858
29579499,0.8615678571428572
29580481,0.70506
29581373,0.8657250000000001
29613493,0.38134
29614706,0.8693879999999998
29653772,0.67168
29654245,0.6893
29654617,0.4229136363636364
29660849,0.6249
29662678,0.6953092307692308
29663028,0.48185000000000006
29665981,0.8519
29705550,0.8999
29719225,0.8913500000000001
29731372,0.34240000000000004
29731509,0.8495
29741953,0.73907
29742465,0.817975
29743848,0.79301
29745033,0.8859999999999999
29745923,0.5859
29746139,0.9231
29763827,0.8377545454545454
29768671,0.4926
29785264,0.6129
29829950,0.7410888888888889
29830408,0.8225125000000001
29836188,0.8488178571428572
29848385,0.8323
29858416,0.5105
29860691,-0.0401
29886378,0.7964
29888806,0.6554500000000001
29909380,0.9061
29911456,0.6249
29917321,0.5258
29962235,0.7911564102564103
29967395,0.9403
29969867,0.7098333333333334
29970192,0.95615
29972407,0.8859999999999999
29973157,0.4215
29973454,0.9402
29992070,0.5994
29996505,0.3818
29999288,0.4404
30000219,0.8042727272727273
30003840,0.8844
30004231,0.6908
30007877,0.9399
30024441,0.8431689655172413
30026353,0.836
30044864,0.2302
30046125,0.8589
30046453,0.9627
30050107,0.9325
30050561,0.9709
30050848,-0.06794999999999995
30052851,0.7959999999999999
30053374,0.8611
30058572,0.9443
30070881,0.836
30071518,0.8805
30074086,0.6249
30074495,0.6185499999999999
30076308,0.9108
30083183,0.705853125
30096510,0.91455
30111915,0.7532384615384615
30133260,0.9313
30162375,0.868
30163589,0.23424999999999999
30163598,0.48600000000000004
30163603,0.5780666666666666
30163620,-0.1406
30163724,-0.9365
30185715,0.84085
30188440,0.6124499999999999
30188702,0.7973
30189205,0.9109
30190695,0.5224222222222222
30197961,0.68391
30204154,0.6845333333333333
30214585,0.4927
30214989,0.7422333333333334
30215405,0.7101
30215454,0.3384
30219680,0.833891891891892
30229992,0.8111214285714287
30234271,0.9412
30237246,0.2415
30237502,0.9665
30243920,0.7959432432432434
30258463,0.6177733333333335
30261649,0.79752
30276695,0.50165
30296129,0.7583333333333334
30296233,0.6776
30296237,0.8355
30296248,-0.8209
30299123,0.9098100000000002
30304295,0.4019
30337969,0.7264307692307692
30352660,0.8823000000000001
30353822,0.931725
30363503,0.9332
30369336,0.8746306122448981
30378141,0.76645
30378730,0.7953333333333333
30385249,0.48702000000000006
30385453,0.4376
30386671,0.9275
30388746,0.9702666666666667
30389028,0.8182410256410255
30409896,0.9640000000000001
30413459,0.88775
30434753,0.6749
30436340,0.6124
30453430,0.9558
30485907,0.2732
30486251,0.8107333333333333
30489284,0.8513
30494592,0.7003
30498422,0.8192750000000001
30510645,0.54555
30510827,0.8576
30510958,0.9669
30510962,0.81555
30520209,0.9333
30524645,0.80658
30532652,0.6895
30543386,0.9890000000000001
30549602,0.31245
30561871,0.7951055555555556
30570119,0.9776
30571312,0.7061857142857142
30571630,0.5377666666666666
30571759,0.0
30573947,0.7619571428571429
30578016,0.7995047619047617
30578487,0.7953874999999999
30578632,0.7845
30578891,0.866425925925926
30594823,0.6673921052631576
30687199,0.8688903846153847
30748968,0.7082
30776327,0.7685959999999998
30776617,0.4404
30778537,0.6597
30783602,0.782
30786501,0.9201
30804048,0.977
30805348,0.8365181818181818
30807139,0.5137857142857143
30815841,0.5448310344827585
30829097,0.8197083333333334
30829908,0.91
30833385,0.5344875
30857870,0.5769031250000002
30875944,0.6579999999999999
30878734,0.2263
30879249,0.9509000000000001
30881232,0.72248
30893892,0.64485
30894928,0.93155
30896151,0.45653750000000004
30898777,0.6101058823529412
30898781,0.6315818181818182
30898788,0.5981000000000001
30900595,0.6606699999999999
30917154,0.46375
30922260,0.6822
30925164,0.743
30940363,0.47553333333333336
30950866,0.7911285714285714
30950869,0.5384818181818183
30962594,0.87825
30966211,0.6369
30969285,0.7263720000000002
31003554,0.5782666666666666
31029255,0.6123428571428571
31029384,0.7560318181818183
31076781,0.8078800000000002
31081282,0.9625
31094939,0.6486
31095224,0.7958499999999998
31104513,0.68075
31105493,0.8364636363636365
31105962,0.8599333333333333
31106470,0.6892
31107161,0.5244
31107359,-0.3222
31107733,0.8016
31107858,0.8122
31110236,0.7351
31114726,0.8535073170731707
31129905,0.9796
31129953,0.9694
31152416,0.9531600000000001
31154596,0.8380705882352941
31155160,0.7003
31156276,0.8563000000000001
31162237,0.7347666666666667
31178204,0.25289999999999996
31201062,0.9404076923076921
31201327,0.6297309523809524
31204361,0.7351
31204526,0.8126
31204753,0.8286
31214273,0.5408
31216096,0.7096
31218304,0.8293124999999999
31219674,0.7744555555555556
31244479,0.9485666666666667
31265984,0.7019000000000001
31271677,0.7842666666666667
31295956,0.7963
31296663,0.9385
31297072,0.6249
31297591,0.9137500000000001
31297928,0.8420000000000001
31298028,0.80315
31305214,0.6054444444444446
31326007,0.8168076923076922
31344812,0.9184
31357872,0.5838
31361482,0.90175
31361651,0.48235
31361710,0.27235000000000004
31363209,0.6696666666666666
31364497,0.2732
31366100,0.48269999999999996
31366222,0.2181
31366313,-0.20629999999999998
31376777,0.9275642857142857
31423642,0.8176
31450954,0.7922333333333333
31451234,0.7525
31451471,0.83415
31457968,0.8746375
31462394,0.7948684210526316
31474481,0.8872
31479102,0.7357166666666667
31520512,0.7861875
31527262,0.9186890909090909
31532527,0.8094
31532719,0.7717999999999999
31551462,-0.5588
31573008,0.8148047619047618
31580959,0.7906
31599406,0.8094666666666667
31627432,0.9026888888888889
31627673,0.7057
31634142,0.81315
31656915,0.83551
31657383,-0.9897
31664598,0.94492
31687465,0.6124
31699339,0.8179222222222222
31722863,0.715024
31724061,0.75305
31725137,0.867925
31726026,0.7463
31729758,0.8873599999999999
31775980,0.750325
31776450,0.5994
31807785,0.73
31812483,0.87293
31843188,0.6584
31851838,0.8150291666666666
31854536,0.5921941176470589
31886652,0.8009333333333334
31931211,0.5236333333333333
31936204,0.9006333333333334
31947200,0.9344
31948394,0.6969200000000001
31959810,0.8974333333333334
31960343,0.8574181818181817
31960810,0.7656142857142856
31964337,0.50565
31965730,0.68699
32003564,0.958
32010385,0.9262599999999999
32024930,0.6887800000000002
32027361,0.6597
32031648,0.8672666666666666
32035176,0.4641916666666667
32035969,0.6453500000000001
32053800,0.8196931034482758
32054563,0.7681199999999999
32113276,0.49212500000000003
32113481,0.8192285714285712
32114237,0.7727
32114293,0.75340625
32148763,0.794742424242424
32194580,0.9167
32198422,0.59335
32198860,0.9077500000000001
32205289,0.7992318181818181
32223363,0.9364
32223767,0.8553
32224048,0.8883
32227139,0.6347375
32245578,0.6627375000000001
32273714,0.8665875
32291857,0.9041
32292005,0.82345
32292204,0.9563
32292453,0.7418
32303894,0.4926
32316502,-0.4949
32317003,0.8041181818181818
32317824,0.8696
32318162,0.8805
32318920,0.7130675675675677
32320788,0.9182333333333332
32320894,0.8883
32320934,0.7473540540540539
32345618,0.9051400000000001
32351804,0.9542
32352184,0.743
32370549,0.6278333333333334
32385687,0.8369818181818183
32388171,0.5217777777777779
32388223,0.7616
32388354,0.9021250000000001
32388996,0.7845
32390670,0.943
32411075,0.6844227642276419
32419727,0.82925
32425547,0.7095641509433962
32430905,0.55025
32447596,0.25395
32452018,0.9771
32455081,0.9347666666666666
32475586,0.8420666666666666
32475992,0.6249
32479538,0.8222999999999999
32481898,0.441125
32488562,0.9487
32502175,0.7003
32502568,0.9878
32504842,0.94145
32520833,0.9452222222222222
32526213,0.8442727272727272
32527449,0.9042
32528723,0.6767
32528971,0.836
32529061,0.6958166666666666
32533152,0.8625
32534020,0.9384
32596255,0.603325
32605119,0.7469619047619048
32621960,0.6566
32641495,0.8659142857142855
32643321,0.7384666666666666
32670774,0.8618333333333333
32670871,0.9794
32671190,0.897325
32671272,0.7102999999999999
32671381,0.8302666666666667
32671474,0.8834
32671732,0.9042
32701932,0.9233
32706307,0.8299
32708998,0.75405
32723994,0.0
32729464,0.9666
32729524,0.8777
32729720,0.8664
32730296,0.9823
32730349,0.8438947368421054
32731100,0.8783666666666665
32732351,0.9671
32748781,0.9439
32777778,0.978
32777995,0.765
32815398,0.81835
32820979,0.9254
32821141,0.9633
32821167,0.7295499999999999
32821771,0.9415
32822945,0.9286
32824620,0.77238
32832467,0.3973
32837771,0.6165062499999999
32837794,0.5213142857142857
32846195,0.9371
32855533,0.9613999999999999
32874731,0.9863
32877386,0.2023
32904861,0.9045333333333335
32906878,0.8805333333333333
32908869,0.5535
32922255,0.7144333333333334
32922416,0.4215
32922602,0.9758
32946375,0.6712666666666666
32947749,0.8543
32949187,0.8834
32949544,0.8221
32965614,0.985
32973740,0.8345285714285715
32995040,0.8738
32998726,0.43595
33025531,0.811225
33026305,0.4035125
33050985,0.8900400000000002
33055288,0.9134
33057988,0.75198
33060127,0.8718
33076582,0.0
33083022,-0.42210000000000003
33085362,0.8126
33091874,0.6043083333333333
33098686,0.6249
33108041,0.7447388888888891
33110734,0.7345142857142858
33111029,0.8016032258064517
33111200,0.869157894736842
33111278,0.7896500000000001
33111387,0.8423774193548389
33111749,0.6943129032258064
33111805,0.7193368421052633
33111884,0.775282857142857
33112080,0.7989612903225806
33112577,0.8229303030303029
33112617,0.7464105263157893
33112624,0.7820463414634146
33112676,0.8020906250000002
33168542,0.3425285714285714
33199451,0.9839
33232136,0.7291470588235294
33233259,0.9392
33244499,0.7635307692307692
33263231,0.6588
33320480,0.9933
33330793,0.5927
33333443,0.8999
33333684,0.921175
33347361,0.76745
33376230,0.8074
33378659,0.9368
33388955,0.6790783783783784
33405725,0.44825000000000004
33410537,0.672
33413564,0.56675
33436577,0.8999619047619047
33437497,0.9312
33438181,0.0
33460906,0.6859428571428572
33467580,0.8342
33467817,0.6489666666666666
33490643,0.9111999999999999
33499494,0.5412333333333333
33499890,0.6757
33500054,0.9034500000000001
33500211,0.6660666666666667
33500731,0.5292571428571429
33502141,0.77414
33502235,0.9552
33502434,0.4588
33502519,0.94
33506058,0.6321114285714287
33536365,0.7603240000000001
33562298,0.4404
33562738,0.8912333333333334
33563059,0.7597157894736842
33573540,0.8242333333333334
33593654,0.8316
33604275,0.69466
33604276,0.64945
33604552,0.7660714285714285
33604718,0.7476032258064516
33634552,0.6996888888888888
33666190,0.8356333333333333
33669171,0.7710605263157896
33678741,0.63920625
33692920,0.8396
33693358,0.807
33705160,0.8276583333333334
33722089,0.32605
33723520,0.8934
33723712,0.7134
33740994,0.7178857142857142
33748928,0.7130538461538461
33749647,0.6577666666666667
33753429,0.366325
33760411,0.9175
33760524,0.8977
33772739,0.6790454545454545
33782992,0.8100791666666667
33784930,0.4404
33792104,0.7351
33795262,0.7269999999999999
33820467,0.8606285714285713
33828050,-0.061166666666666626
33828355,0.272
33828484,0.8953
33828565,0.7295571428571429
33828621,0.1577
33828837,0.6009714285714286
33873173,0.49346666666666666
33883581,0.8399
33885719,0.77425
33885738,0.8591
33888989,0.6387999999999999
33895462,0.6558999999999999
33915486,0.8741333333333333
33919675,0.5695
33920342,0.8839333333333333
33926472,0.7914233333333333
33943953,0.8184666666666667
33946218,0.4404
33948359,-0.5824
33950965,0.9612
33952215,0.8583666666666666
33953077,0.9359999999999999
33972677,0.33003333333333335
33977228,0.7845
33982287,0.6946
33982757,0.7546899999999999
33987008,0.512790909090909
33999107,0.5354333333333333
34004897,0.2732
34050464,0.5849333333333333
34052197,0.4718
34052336,0.06274999999999997
34053192,0.5746533333333335
34054246,0.63375
34067159,0.4352
34071208,0.7271333333333333
34071596,0.6091199999999999
34071837,0.664641379310345
34072244,0.6517000000000001
34073545,0.644575
34076777,0.9616
34082010,0.48165
34100543,0.4404
34101183,0.9167
34111493,0.5025647058823529
34112170,0.28326666666666667
34123744,0.7224200000000001
34135538,0.0
34135630,0.437
34138136,0.8581
34140701,0.6029352941176471
34157338,0.7239
34162194,0.5521400000000001
34183884,-0.2893
34186257,0.5102777777777777
34193631,-0.06745
34214140,0.8909218750000001
34229265,0.7574
34233459,0.7536727272727273
34235543,0.68595
34236667,0.7985166666666667
34236901,0.47845000000000004
34237086,0.6698111111111112
34237184,0.9423
34237286,0.8673
34244096,0.8196885714285713
34244333,0.7537000000000001
34244551,0.8108749999999999
34245534,0.7634
34246279,0.7818052631578944
34288021,0.65915
34288179,0.838877272727273
34288604,0.6617472222222223
34300822,0.9312
34318004,0.6692666666666667
34346401,0.4404
34352644,0.4754
34354375,0.7179176470588237
34354471,0.6938250000000002
34363132,0.8876199999999999
34373471,0.0
34373552,0.6249
34378956,0.8739199999999998
34385906,-0.8597
34431243,0.7313090909090909
34449189,0.3204
34450021,-0.6265
34451448,0.8233999999999999
34454047,0.7762083333333334
34456171,0.64975
34458052,0.8974
34459924,0.5889333333333333
34469560,0.8236500000000001
34486656,0.5760461538461539
34489654,0.7692722222222224
34489994,0.8689
34513834,0.27030000000000004
34517790,-0.18324999999999997
34521183,0.8156833333333334
34526007,0.7695047619047618
34552570,0.7178
34552868,-0.25
34569884,0.8345333333333333
34578856,0.8481
34579218,0.971
34579286,0.7997119999999999
34582881,0.9764
34590594,0.6249
34596041,0.7471875
34604248,0.7353000000000001
34605981,0.6652
34606370,0.7906
34627895,0.9259999999999999
34631987,0.6250541666666667
34632139,0.7772999999999999
34639335,0.6339499999999999
34654117,0.6997
34661766,0.2641666666666666
34662047,0.9761
34662179,0.29973333333333335
34662646,0.7783
34674515,0.58605
34691844,0.5577444444444444
34692602,0.6772777777777778
34701568,0.6165333333333334
34727793,0.8110833333333333
34728149,0.6228866666666666
34730521,0.8803
34732068,-0.09319999999999995
34733071,0.68865
34754934,0.7316
34758214,0.16065
34761485,0.8377666666666667
34765413,0.8777
34765590,0.780375
34804905,0.4019
34818375,0.4774333333333334
34819352,0.783675
34834829,0.9453588235294118
34870326,0.503975
34870345,0.8052190476190475
34874957,0.7659499999999999
34917885,0.9188999999999999
34918070,0.8807
34918180,0.9246000000000001
34918545,0.7264
34919150,0.66078
34920291,0.9595
34921405,0.8376
34949534,0.8859999999999999
34954144,0.6956
34964444,0.4754
34981061,0.945
34981099,0.8622
34982277,0.5574
35008965,0.8735700000000002
35021657,0.6757673469387757
35023470,0.2023
35024283,0.302625
35024703,0.431
35026116,0.4404
35041403,0.8611249999999999
35042357,0.6249
35048026,0.93055
35048987,0.9768
35049439,0.8045085714285715
35057674,0.7959999999999999
35071210,0.7734909090909089
35072431,0.675
35077531,0.80174
35077950,0.9022666666666667
35081515,0.7488281250000001
35082329,0.5596428571428571
35096557,0.29600000000000004
35102472,0.7000692307692307
35114618,0.7655285714285714
35127989,0.9468
35131786,0.5943
35144181,0.9664
35166841,0.7261
35180729,0.8218947368421051
35181133,0.5423
35219943,0.8502
35233390,0.5944823529411766
35265440,0.8178631578947367
35300552,0.8884
35300977,0.40080000000000005
35302676,0.4528
35318549,0.8979
35335972,0.8118
35336070,0.65085
35359778,0.8936625
35389301,0.079
35442042,0.836
35469684,0.78565
35483332,0.76225
35483354,0.9511000000000001
35521707,0.2575
35556051,0.49285
35556445,0.6843
35556904,0.8882
35557404,0.7964
35634164,0.5916100000000001
35635103,0.6857375
35657143,0.0736
35660734,0.7733
35668639,0.6844999999999999
35669030,0.30866
35688118,0.24755
35689172,0.40359999999999996
35693085,0.2926
35696120,0.408975
35718115,0.7755
35724882,0.8061142857142858
35744548,0.8908894736842105
35747289,0.5690999999999999
35754352,0.7533392857142857
35759765,0.788946153846154
35766663,0.89225
35770430,0.5484636363636363
35772714,0.4325714285714285
35773131,0.5834
35773302,0.7845
35773334,0.0
35780018,0.8826
35781337,0.9334
35786305,0.8430380952380951
35786308,0.8125800000000001
35786311,0.8517409090909088
35786312,0.7792814814814812
35786763,0.7297833333333336
35786906,0.8203791666666667
35788850,0.8363314285714287
35788851,0.8423814814814813
35788852,0.7295583333333333
35788855,0.8294703703703705
35788857,0.8049599999999998
35788859,0.8536500000000001
35818082,0.842775
35818107,0.692923076923077
35818699,0.6811346153846156
35818917,0.6692333333333332
35845573,0.10760000000000003
35847292,0.8228636363636365
35849296,0.9145
35849991,0.8316
35850080,0.28569999999999995
35851003,0.7468649999999999
35852688,0.8534166666666666
35883311,0.60286
35883439,0.6589
35883970,0.8748
35885309,0.773590909090909
35887106,0.5698
35887689,0.6948833333333333
35894388,0.62015
35896206,0.24473333333333333
35899603,0.7514833333333332
35900603,0.6420111111111111
35901136,0.6786
35902259,0.5149
35916127,0.7707454545454543
35917599,0.81052
35917914,0.6055
35918971,0.9714
35922078,0.8775
35922722,0.7382181818181818
35933544,0.9168
35940194,0.40727500000000005
35947264,0.6705
35949995,0.7089
35954886,0.7023666666666667
35955246,0.9832666666666667
35957597,0.63425
35961334,0.870575
35975427,0.52855
35983829,0.7174
35991648,0.8080136363636364
36001391,0.7206266666666667
36009935,0.9358
36021013,0.75025
36061361,0.6852615384615385
36066625,0.6341666666666668
36080117,0.5267
36099111,0.8606952380952381
36101705,0.7690466666666665
36130748,0.8156333333333334
36212391,0.7948923076923078
36214603,0.8663
36216542,0.6180714285714286
36226254,0.8909999999999999
36226718,0.85128
36238267,0.643925
36249211,0.8176
36264042,0.5762560000000001
36285087,0.6067529411764706
36315855,0.3797
36318565,0.5444
36321376,0.8225
36325967,0.6610499999999999
36354920,0.9133
36359535,0.6118384615384616
36368058,-0.2755
36370811,0.4721333333333333
36456243,0.82155
36489056,-0.6254
36516629,0.62752
36529401,0.7812
36530311,0.7635
36570785,0.861725
36581961,0.8675750000000001
36586992,0.8272333333333334
36605228,0.8519
36618900,0.7978000000000001
36620611,0.6588
36627877,0.868
36639298,0.8648
36675593,0.6699333333333334
36676505,0.7004999999999999
36680482,0.662788888888889
36681447,0.7398142857142858
36720874,0.6604249999999999
36747812,0.958
36760495,0.8353
36789378,0.6025600000000001
36808814,0.84772
36812561,0.8308166666666668
36813787,0.7596882352941176
36817233,0.8808000000000001
36817766,0.7790782608695651
36818265,0.8531500000000001
36819114,0.57925
36819445,0.7496095238095238
36820113,0.6234
36820477,0.9323
36820980,0.8934
36821364,0.8276714285714285
36821890,0.7204
36832175,0.8382428571428571
36852543,0.6249
36853911,0.8597
36855460,0.90825
36857064,0.41566666666666663
36888718,0.6509909090909092
36920538,0.20985
36925569,0.7614333333333333
36951699,0.66058
36970328,0.60526
36983191,0.7493357142857142
36986474,0.8132
36987244,0.55958
36989732,0.9816
36993687,0.5726666666666667
36999903,0.2607
37025331,0.882
37030900,0.67312
37058988,0.7615
37059139,0.6684615384615386
37060879,0.9217
37062341,0.6872999999999999
37063111,0.8552333333333334
37066651,0.743525
37067343,0.55585
37080409,0.37645
37161894,0.8375333333333334
37188509,0.8508500000000001
37219965,0.5839
37219971,0.5951
37236900,0.6256
37269167,0.63035
37269559,0.209325
37274297,0.71254
37318887,0.846325
37353696,0.8731666666666666
37356848,0.9677
37387146,0.9287
37400847,0.7579
37401766,0.9376
37407702,0.8191
37413728,0.6562
37419221,0.6138
37433817,0.8447666666666667
37435377,0.6225499999999999
37447815,0.6742
37448416,0.75056
37465752,0.6705
37472011,0.7238076923076924
37475416,0.4404
37484436,0.7122224489795916
37502252,-0.4060333333333334
37504307,0.9647
37507042,0.46856666666666663
37507130,0.91105
37509823,0.66945
37518083,0.61395
37519358,0.7575166666666666
37535420,0.7506
37542721,0.9914
37577304,0.6249
37604899,0.65989
37605217,0.7173
37607211,-0.014249999999999985
37619286,0.2536
37655038,0.5727400000000001
37708623,0.7405437500000001
37757030,0.8085
37757787,0.776
37758103,0.9637
37788787,0.9803
37790507,0.5719
37793299,-0.6697
37853876,0.8159035714285715
37887742,0.4404
37887903,0.4215
37898613,0.72155
37905248,0.5244
37907711,0.7462227272727273
37909987,0.6857166666666668
37913913,0.7858454545454545
37916346,0.9099090909090908
37924392,0.9622
37925073,0.8326833333333336
37945388,0.3182
37947662,0.8619
37951851,0.8822
37976896,0.7487333333333334
37981411,0.9623
37984003,0.6640666666666667
37986233,0.32745
37999599,0.7863692307692308
38003648,0.2263
38005247,0.8625
38017821,0.9696
38035489,0.9689
38035527,0.5445
38047765,0.78825
38049336,0.7959999999999999
38078117,0.7136
38086911,0.4451333333333333
38087310,0.21075
38087680,0.6119333333333333
38092142,0.7252310344827586
38104971,0.7399666666666667
38134989,0.8456021739130435
38136195,0.836
38142033,0.862
38148539,-0.413
38151725,0.5595
38171823,0.7159125
38191349,0.5278
38221748,0.8998
38242922,0.7709666666666667
38243955,0.74715
38244582,0.498925
38251837,0.92
38255467,0.8543
38267818,0.4927
38301966,0.4939
38305984,0.9589
38330670,0.983725
38361167,0.7131142857142857
38399837,0.8477
38417543,0.750276923076923
38421932,0.45911250000000003
38422421,0.8986
38429018,0.6249
38429745,0.6979125
38430611,0.7906
38441166,0.93945
38450887,0.5796666666666667
38471136,0.6696
38485503,0.9653
38496138,0.8218
38496661,0.69632
38523541,0.9697
38530815,0.0
38539790,0.5589
38539791,0.8957
38558112,0.8516
38586707,0.7845
38587031,0.8141363636363637
38594118,0.4215
38595452,0.7584333333333334
38601589,0.9747
38606348,0.295825
38611050,0.8158888888888889
38632350,0.7003
38648139,0.9491
38682873,0.9136
38685858,0.9381
38686591,0.4484
38691861,0.8082499999999999
38692545,0.8217
38720289,0.7342592592592595
38734382,0.8800727272727272
38734784,0.9036
38735289,-0.1531
38735661,-0.12009999999999997
38736761,0.0
38772165,0.9044125
38772707,0.8402
38783673,0.8739235294117645
38785802,0.9268
38788624,0.8481
38788997,0.8740375
38789090,0.5488233333333332
38801396,0.7839999999999999
38805375,0.7374538461538461
38806855,-0.2073
38807092,0.7761
38830429,0.8089500000000001
38834901,0.7533714285714285
38855592,0.9088666666666666
38856158,0.4215
38860007,0.3394
38862445,0.7748166666666667
38882577,0.5267
38889119,0.6878333333333333
38894268,0.72095
38910295,0.4404
38914093,0.5239
38914528,0.8240666666666666
38916143,0.84055
38923116,0.836
38937204,-0.9391
38939902,0.5574
38951604,0.4088
38961084,0.0754
38966652,0.521275
38975336,0.9802
38984832,0.9442
38986386,0.0
38986391,0.4404
38986709,0.9217
39009057,0.8358000000000001
39036012,0.94885
39038878,-0.7482
39040457,0.29600000000000004
39041126,0.4215
39041958,0.9162
39042111,0.8979
39062013,0.8745
39077406,0.5398000000000001
39078581,0.9245
39091992,0.7339000000000001
39104189,0.9705
39123066,0.4736
39158146,0.9633
39167985,0.2493
39212874,0.8655
39214843,0.6699
39218665,0.98015
39244281,0.87365
39293936,0.8968
39305198,0.8268222222222222
39308924,0.7696799999999999
39325093,0.9673
39329661,0.60906
39330183,0.8589000000000001
39331214,0.4765
39334937,0.77154
39338786,0.8342833333333334
39372892,0.9723
39373002,-0.5023
39373983,0.9081
39380253,0.7177
39405524,0.7527571428571429
39411925,0.9409
39424708,0.7379666666666668
39424967,0.8249500000000001
39425314,0.8107333333333333
39431866,0.7981857142857143
39448392,0.42565
39451138,0.8165
39451454,0.669825
39451764,0.7094
39456260,0.1191
39488323,0.9397
39508168,0.7096
39510027,0.7604
39515086,0.91555
39518562,0.710725
39518936,0.6283277777777778
39521582,0.9482
39543953,0.8777
39566651,0.6511
39577102,0.9255333333333334
39586606,0.6635333333333334
39589304,0.8869
39601893,0.8555
39612331,0.7263166666666666
39614376,0.9022
39614591,0.4404
39614883,0.9133
39615625,0.902
39616572,0.765
39616714,0.5719
39617816,0.7471916666666666
39618378,0.9661
39618567,0.7840941176470588
39618736,0.93735
39618821,0.9803
39618992,0.7841400000000001
39619120,0.652
39619283,0.6328
39619376,0.807
39619543,0.6351
39619593,0.5202666666666667
39619617,0.6807333333333335
39638066,0.33715
39640753,0.5064000000000001
39641568,0.68872
39643407,0.5528222222222223
39654440,0.8426199999999999
39655270,0.0
39657837,0.9598
39663227,0.7091000000000001
39679521,0.6865
39704885,-0.11534999999999998
39708770,0.9401
39708911,0.8555
39709385,0.3875
39716810,0.451375
39716900,0.6943157894736842
39721369,0.8266333333333334
39731492,0.9924
39734363,0.0
39736543,0.1531
39744663,0.7684
39745490,0.6249
39745808,0.2962
39759464,0.7412200000000001
39762385,-0.6588
39784689,0.9821
39791103,0.7876666666666666
39801367,0.06285000000000002
39803405,0.4404
39804543,0.0
39805391,0.8658
39824181,0.9249
39824663,0.82165
39831558,0.195525
39846096,0.6287666666666667
39859770,0.9283
39897208,0.899375
39906427,0.6249
39908205,0.8611333333333334
39928120,0.3749
39930077,0.7964
39931323,0.6908
39932805,0.95955
39956454,0.6249
39956760,0.4215
39959616,-0.09756666666666665
39983790,0.4939
39999450,0.7777
40001189,0.6993499999999999
40012435,0.7261666666666667
40012885,0.5127857142857143
40014434,0.9412
40015982,0.8684
40034188,0.8671999999999999
40048607,0.9681
40120214,0.7564
40120307,0.9376
40122929,0.029000000000000026
40129228,0.8718
40141465,0.6908
40143731,0.8832
40164420,0.734
40187654,0.9329000000000001
40188463,0.9343049999999999
40189067,0.76415
40189402,0.07150000000000001
40198092,0.9456
40202857,0.8268
40211954,0.8658
40213569,0.10395
40226189,0.44445
40237407,0.1539333333333333
40240764,0.9457
40242532,0.9436
40267482,0.9797
40267527,0.7250875
40267722,0.8552875000000001
40290736,0.8399
40300607,0.8511
40300930,0.2763
40316461,0.7304125000000001
40339403,0.9626
40340084,0.822
40356687,0.5719
40361907,0.6845666666666667
40409346,0.9485
40413324,0.32505
40433069,0.6658
40433757,-0.5848
40434677,0.78045
40435368,0.9336
40442787,0.6778
40453611,0.521925
40456301,0.9222
40457299,0.6486
40457664,0.66395
40458494,0.9735
40458674,-0.1779
40470586,0.7657
40474092,0.92245
40513654,0.8999
40514546,0.836
40516462,0.8902000000000001
40517115,0.37736666666666663
40518254,0.7506
40522447,0.6456666666666667
40541754,0.28755
40543696,0.6308
40544662,0.6139
40544730,0.7485571428571429
40547229,0.7993
40549049,0.8268
40549501,0.8382750000000001
40551128,0.5740000000000001
40551822,0.7144888888888891
40552316,0.40217499999999995
40552643,0.6733266666666666
40569270,0.906825
40571566,0.9852
40579584,0.9134
40596291,0.8809
40596547,-0.265
40606262,0.9394714285714286
40622546,0.535788888888889
40640222,0.7744599999999999
40641448,0.2401
40642051,-0.8693
40642810,0.5097499999999999
40663016,0.6588
40680808,0.8126
40688832,0.0
40689717,0.86385
40708485,0.128
40712093,0.7196631578947368
40715458,0.7845
40733550,0.9003545454545456
40736310,0.45815
40736423,0.6696
40736566,0.92605
40745871,0.6187
40748069,0.7519
40765066,0.9892
40765359,0.5719
40767478,0.4666333333333334
40771005,0.86692
40786417,0.9115
40787262,0.61172
40809355,0.85175
40809447,0.53075
40816592,0.5147
40819707,0.8508
40829040,0.8087
40829167,0.8269500000000001
40830798,0.795
40855337,0.5027
40857622,0.836
40875271,0.98305
40881888,0.7460333333333334
40902274,0.2824
40904017,0.8314333333333334
40904925,0.6441
40909907,0.7368499999999999
40925639,0.72845
40925829,0.9699
40928776,0.81445
40933601,0.8733000000000001
40935010,0.836025
40941821,0.8012
40953719,-0.8158
40958730,-0.34
40973763,0.8957
40974440,0.4930666666666667
41014661,0.7899
41015329,0.8750500000000001
41015331,0.8179428571428572
41019742,0.84015
41032597,0.8008666666666667
41032819,0.8244333333333334
41032965,0.9337
41033173,0.9530000000000001
41043698,0.1779
41051695,0.5563
41070234,0.7384
41073318,0.49149999999999994
41074594,0.52625
41075543,0.48865
41110650,0.9652
41115316,0.7906
41115529,0.7184
41116957,0.9570000000000001
41117081,0.8689
41120765,0.875075
41142197,0.6243
41156266,0.2732
41160357,0.9891
41160705,0.6959666666666666
41163091,0.7904
41163484,0.9348
41200159,0.5267
41223454,0.84475
41243754,0.8999
41253322,0.0
41253944,0.7258
41272482,0.7733285714285714
41277021,0.95495
41284542,0.9184699999999999
41296812,0.28712
41297339,0.89435
41299496,0.0
41304318,0.9704
41304653,0.5721333333333334
41305105,-0.6808
41305636,0.72312
41307324,0.13979999999999995
41308984,0.8173
41311319,0.29600000000000004
41311841,0.5781
41312870,0.4404
41314524,0.6549727272727274
41315035,0.9413
41323209,0.7218
41325474,0.1901
41325962,0.4753
41326546,0.8481
41328031,0.4404
41328115,0.4215
41331863,0.7122999999999999
41340358,0.7994
41340390,0.569
41340735,0.603
41352212,-0.5504
41353209,0.7991
41354548,0.8941
41367874,0.67425
41382040,-0.9286
41384691,0.27375
41385431,0.4404
41385846,0.5898
41418166,0.7699428571428573
41439026,0.3266
41439350,0.9074
41447203,0.8985
41481981,0.8689
41482560,0.9738
41484133,0.6571400000000001
41492985,0.6705
41509578,0.4374
41536506,0.23389999999999997
41536934,0.9625
41566195,0.9918
41568582,0.7717
41570615,0.81606
41574184,0.4129333333333333
41582313,0.9217
41601698,0.34
41602655,0.8632249999999999
41603084,0.7391322580645161
41603091,0.9413
41603640,0.6697333333333333
41603861,0.7048584615384615
41604013,0.6708491803278686
41604541,0.46176000000000006
41604751,0.43095
41613235,0.8530666666666668
41624222,0.7688
41681916,0.6249
41693482,0.9792
41722716,0.9168
41730758,0.6800999999999999
41744480,0.84915
41767226,0.8691
41777716,0.9523
41788641,0.4754333333333333
41789321,0.7763333333333334
41803435,0.5993166666666666
41827683,0.6976285714285716
41865251,0.7463
41867701,0.795975
41868025,0.6249
41889144,0.9629
41916277,0.987
41917394,0.7925
41930264,0.0
41942725,0.8507
41965777,0.8957
41975836,0.4902
41987964,0.77278
41988512,0.6249
41990742,0.4165
42026496,0.8968
42035764,0.6023799999999999
42051055,0.9872
42051696,0.9229
42073477,0.9429
42078904,0.7078274509803921
42079275,0.855
42079535,0.6220999999999999
42079889,0.6961142857142857
42081083,0.9225
42081657,0.5279333333333333
42101465,0.7766666666666667
42102118,0.765
42105787,0.7402
42106562,0.4939
42125123,0.34175
42125331,0.2484
42131835,0.7307142857142858
42148662,0.7185999999999999
42155365,0.80085
42179852,0.0
42184118,0.6124
42246264,0.7482461538461538
42261173,0.96095
42262518,0.73205
42318012,0.8698
42322167,0.9766
42339175,0.9816
42377979,0.7973
42378376,0.9441
42379692,0.9348
42394087,0.0
42394455,0.4404
42417293,0.5997019607843138
42440730,0.9877
42460392,0.8588
42478430,0.5267
42483102,0.9372
42519546,0.7322333333333333
42519651,0.6102064516129032
42544083,0.6588
42545364,0.8399
42545850,0.6705
42569842,0.92995
42573089,0.708025
42573237,0.9812
42573423,0.54
42635231,0.7778
42635377,0.5400499999999999
42694010,0.8516
42696868,0.7925916666666666
42697304,0.9153
42744462,0.9345
42748087,0.7841
42754194,0.9312
42755468,0.34226666666666666
42755516,-0.5849
42820670,0.3742000000000001
42820968,0.9509
42872451,0.8165
42882254,0.5791
42885557,0.44593333333333335
42885763,0.5244727272727273
42885822,0.6943857142857143
42885876,0.6569500000000001
42885911,0.4731518518518519
42899078,0.8779
42903838,0.82345
42910492,0.4708
42933302,0.9239
42956072,0.0
43004769,0.743
43008618,0.9669
43041557,0.6482
43055185,0.4067
43112898,0.6538
43142833,0.6908
43177325,0.8689
43218555,0.8004
43273761,0.6311
43336673,0.6347470588235294
43337077,0.8439
43337094,0.6317222222222223
43337509,0.603475
43354914,0.9735
43357993,0.6808
43359021,0.8693
43359426,0.9666
43361446,0.5394666666666666
43376474,0.4404
43379651,0.5402583333333335
43379899,0.7006749999999999
43393378,0.50525
43407835,0.6514923076923076
43425269,0.6588
43427515,0.60602
43429579,0.8271
43429739,0.4215
43519376,0.2716
43542472,0.9168
43598832,0.9531
43616367,0.6249
43658074,0.7567333333333334
43684773,0.4404
43731117,0.60755
43737197,0.4576
43749828,0.9186
43792453,0.9723
